timestamp,mac_address,ap_id,ap_x,ap_y,rssi,area_name,true_x,true_y
2024-01-15 09:00:00,AA:CA:CC:00:00:01,AP-CAF-01,7,4,-58.0,cafeteria,11.487,18.113
2024-01-15 09:00:00,AA:CA:CC:00:00:01,AP-CAF-02,23,4,-58.5,cafeteria,11.487,18.113
2024-01-15 09:00:00,AA:CA:CC:00:00:01,AP-CAF-03,8,15,-47.2,cafeteria,11.487,18.113
2024-01-15 09:00:00,AA:CA:CC:00:00:01,AP-CAF-04,16,15,-48.9,cafeteria,11.487,18.113
2024-01-15 09:00:00,AA:CA:CC:00:00:01,AP-CAF-05,15,1,-57.9,cafeteria,11.487,18.113
2024-01-15 09:00:00,AA:CA:CC:01:00:01,AP-CAF-01,7,4,-58.2,cafeteria,1.576,18.458
2024-01-15 09:00:00,AA:CA:CC:01:00:01,AP-CAF-02,23,4,-66.2,cafeteria,1.576,18.458
2024-01-15 09:00:00,AA:CA:CC:01:00:01,AP-CAF-03,8,15,-50.5,cafeteria,1.576,18.458
2024-01-15 09:00:00,AA:CA:CC:01:00:01,AP-CAF-04,16,15,-60.2,cafeteria,1.576,18.458
2024-01-15 09:00:00,AA:CA:CC:01:00:01,AP-CAF-05,15,1,-64.5,cafeteria,1.576,18.458
2024-01-15 09:00:00,AA:CA:CC:02:00:01,AP-CAF-01,7,4,-54.5,cafeteria,9.519,10.446
2024-01-15 09:00:00,AA:CA:CC:02:00:01,AP-CAF-02,23,4,-60.5,cafeteria,9.519,10.446
2024-01-15 09:00:00,AA:CA:CC:02:00:01,AP-CAF-03,8,15,-49.1,cafeteria,9.519,10.446
2024-01-15 09:00:00,AA:CA:CC:02:00:01,AP-CAF-04,16,15,-51.8,cafeteria,9.519,10.446
2024-01-15 09:00:00,AA:CA:CC:02:00:01,AP-CAF-05,15,1,-57.8,cafeteria,9.519,10.446
2024-01-15 09:00:00,AA:CA:CC:03:00:01,AP-CAF-01,7,4,-60.7,cafeteria,13.77,15.133
2024-01-15 09:00:00,AA:CA:CC:03:00:01,AP-CAF-02,23,4,-58.9,cafeteria,13.77,15.133
2024-01-15 09:00:00,AA:CA:CC:03:00:01,AP-CAF-03,8,15,-51.9,cafeteria,13.77,15.133
2024-01-15 09:00:00,AA:CA:CC:03:00:01,AP-CAF-04,16,15,-39.8,cafeteria,13.77,15.133
2024-01-15 09:00:00,AA:CA:CC:03:00:01,AP-CAF-05,15,1,-58.6,cafeteria,13.77,15.133
2024-01-15 09:00:00,AA:CA:CC:04:00:01,AP-CAF-01,7,4,-57.2,cafeteria,18.011,4.069
2024-01-15 09:00:00,AA:CA:CC:04:00:01,AP-CAF-02,23,4,-48.0,cafeteria,18.011,4.069
2024-01-15 09:00:00,AA:CA:CC:04:00:01,AP-CAF-03,8,15,-60.5,cafeteria,18.011,4.069
2024-01-15 09:00:00,AA:CA:CC:04:00:01,AP-CAF-04,16,15,-52.4,cafeteria,18.011,4.069
2024-01-15 09:00:00,AA:CA:CC:04:00:01,AP-CAF-05,15,1,-45.9,cafeteria,18.011,4.069
2024-01-15 09:00:00,AA:CA:CC:05:00:01,AP-CAF-01,7,4,-61.0,cafeteria,1.963,17.368
2024-01-15 09:00:00,AA:CA:CC:05:00:01,AP-CAF-02,23,4,-63.3,cafeteria,1.963,17.368
2024-01-15 09:00:00,AA:CA:CC:05:00:01,AP-CAF-03,8,15,-52.7,cafeteria,1.963,17.368
2024-01-15 09:00:00,AA:CA:CC:05:00:01,AP-CAF-04,16,15,-58.4,cafeteria,1.963,17.368
2024-01-15 09:00:00,AA:CA:CC:05:00:01,AP-CAF-05,15,1,-66.9,cafeteria,1.963,17.368
2024-01-15 09:00:00,AA:CA:CC:06:00:01,AP-CAF-01,7,4,-52.8,cafeteria,16.308,4.327
2024-01-15 09:00:00,AA:CA:CC:06:00:01,AP-CAF-02,23,4,-50.3,cafeteria,16.308,4.327
2024-01-15 09:00:00,AA:CA:CC:06:00:01,AP-CAF-03,8,15,-58.5,cafeteria,16.308,4.327
2024-01-15 09:00:00,AA:CA:CC:06:00:01,AP-CAF-04,16,15,-56.3,cafeteria,16.308,4.327
2024-01-15 09:00:00,AA:CA:CC:06:00:01,AP-CAF-05,15,1,-46.8,cafeteria,16.308,4.327
2024-01-15 09:00:00,AA:CA:CC:07:00:01,AP-CAF-01,7,4,-62.5,cafeteria,24.205,7.422
2024-01-15 09:00:00,AA:CA:CC:07:00:01,AP-CAF-02,23,4,-43.3,cafeteria,24.205,7.422
2024-01-15 09:00:00,AA:CA:CC:07:00:01,AP-CAF-03,8,15,-64.8,cafeteria,24.205,7.422
2024-01-15 09:00:00,AA:CA:CC:07:00:01,AP-CAF-04,16,15,-55.6,cafeteria,24.205,7.422
2024-01-15 09:00:00,AA:CA:CC:07:00:01,AP-CAF-05,15,1,-57.0,cafeteria,24.205,7.422
2024-01-15 09:00:00,AA:CA:CC:08:00:01,AP-CAF-01,7,4,-61.0,cafeteria,3.087,18.764
2024-01-15 09:00:00,AA:CA:CC:08:00:01,AP-CAF-02,23,4,-63.6,cafeteria,3.087,18.764
2024-01-15 09:00:00,AA:CA:CC:08:00:01,AP-CAF-03,8,15,-47.7,cafeteria,3.087,18.764
2024-01-15 09:00:00,AA:CA:CC:08:00:01,AP-CAF-04,16,15,-56.4,cafeteria,3.087,18.764
2024-01-15 09:00:00,AA:CA:CC:08:00:01,AP-CAF-05,15,1,-64.9,cafeteria,3.087,18.764
2024-01-15 09:00:00,AA:CA:CC:09:00:01,AP-CAF-01,7,4,-63.1,cafeteria,25.167,12.219
2024-01-15 09:00:00,AA:CA:CC:09:00:01,AP-CAF-02,23,4,-54.2,cafeteria,25.167,12.219
2024-01-15 09:00:00,AA:CA:CC:09:00:01,AP-CAF-03,8,15,-61.4,cafeteria,25.167,12.219
2024-01-15 09:00:00,AA:CA:CC:09:00:01,AP-CAF-04,16,15,-56.7,cafeteria,25.167,12.219
2024-01-15 09:00:00,AA:CA:CC:09:00:01,AP-CAF-05,15,1,-61.9,cafeteria,25.167,12.219
2024-01-15 09:00:00,AA:CA:CC:0A:00:01,AP-CAF-01,7,4,-60.7,cafeteria,21.429,12.476
2024-01-15 09:00:00,AA:CA:CC:0A:00:01,AP-CAF-02,23,4,-51.4,cafeteria,21.429,12.476
2024-01-15 09:00:00,AA:CA:CC:0A:00:01,AP-CAF-03,8,15,-57.7,cafeteria,21.429,12.476
2024-01-15 09:00:00,AA:CA:CC:0A:00:01,AP-CAF-04,16,15,-50.7,cafeteria,21.429,12.476
2024-01-15 09:00:00,AA:CA:CC:0A:00:01,AP-CAF-05,15,1,-57.3,cafeteria,21.429,12.476
2024-01-15 09:00:00,AA:CA:CC:0B:00:01,AP-CAF-01,7,4,-57.5,cafeteria,22.587,9.888
2024-01-15 09:00:00,AA:CA:CC:0B:00:01,AP-CAF-02,23,4,-54.5,cafeteria,22.587,9.888
2024-01-15 09:00:00,AA:CA:CC:0B:00:01,AP-CAF-03,8,15,-58.1,cafeteria,22.587,9.888
2024-01-15 09:00:00,AA:CA:CC:0B:00:01,AP-CAF-04,16,15,-52.9,cafeteria,22.587,9.888
2024-01-15 09:00:00,AA:CA:CC:0B:00:01,AP-CAF-05,15,1,-57.3,cafeteria,22.587,9.888
2024-01-15 09:00:00,AA:CA:CC:0C:00:01,AP-CAF-01,7,4,-51.2,cafeteria,9.802,10.154
2024-01-15 09:00:00,AA:CA:CC:0C:00:01,AP-CAF-02,23,4,-58.4,cafeteria,9.802,10.154
2024-01-15 09:00:00,AA:CA:CC:0C:00:01,AP-CAF-03,8,15,-44.9,cafeteria,9.802,10.154
2024-01-15 09:00:00,AA:CA:CC:0C:00:01,AP-CAF-04,16,15,-53.4,cafeteria,9.802,10.154
2024-01-15 09:00:00,AA:CA:CC:0C:00:01,AP-CAF-05,15,1,-57.2,cafeteria,9.802,10.154
2024-01-15 09:00:00,AA:CA:CC:0D:00:01,AP-CAF-01,7,4,-65.1,cafeteria,27.032,15.546
2024-01-15 09:00:00,AA:CA:CC:0D:00:01,AP-CAF-02,23,4,-55.4,cafeteria,27.032,15.546
2024-01-15 09:00:00,AA:CA:CC:0D:00:01,AP-CAF-03,8,15,-61.3,cafeteria,27.032,15.546
2024-01-15 09:00:00,AA:CA:CC:0D:00:01,AP-CAF-04,16,15,-57.1,cafeteria,27.032,15.546
2024-01-15 09:00:00,AA:CA:CC:0D:00:01,AP-CAF-05,15,1,-60.9,cafeteria,27.032,15.546
2024-01-15 09:00:00,AA:CA:CC:0E:00:01,AP-CAF-01,7,4,-64.0,cafeteria,25.992,10.708
2024-01-15 09:00:00,AA:CA:CC:0E:00:01,AP-CAF-02,23,4,-52.3,cafeteria,25.992,10.708
2024-01-15 09:00:00,AA:CA:CC:0E:00:01,AP-CAF-03,8,15,-62.5,cafeteria,25.992,10.708
2024-01-15 09:00:00,AA:CA:CC:0E:00:01,AP-CAF-04,16,15,-58.8,cafeteria,25.992,10.708
2024-01-15 09:00:00,AA:CA:CC:0E:00:01,AP-CAF-05,15,1,-58.6,cafeteria,25.992,10.708
2024-01-15 09:00:00,AA:CA:CC:0F:00:01,AP-CAF-01,7,4,-52.7,cafeteria,1.195,10.193
2024-01-15 09:00:00,AA:CA:CC:0F:00:01,AP-CAF-02,23,4,-66.7,cafeteria,1.195,10.193
2024-01-15 09:00:00,AA:CA:CC:0F:00:01,AP-CAF-03,8,15,-53.9,cafeteria,1.195,10.193
2024-01-15 09:00:00,AA:CA:CC:0F:00:01,AP-CAF-04,16,15,-60.5,cafeteria,1.195,10.193
2024-01-15 09:00:00,AA:CA:CC:0F:00:01,AP-CAF-05,15,1,-62.1,cafeteria,1.195,10.193
2024-01-15 09:00:00,AA:CA:CC:10:00:01,AP-CAF-01,7,4,-59.1,cafeteria,27.401,6.818
2024-01-15 09:00:00,AA:CA:CC:10:00:01,AP-CAF-02,23,4,-47.6,cafeteria,27.401,6.818
2024-01-15 09:00:00,AA:CA:CC:10:00:01,AP-CAF-03,8,15,-62.6,cafeteria,27.401,6.818
2024-01-15 09:00:00,AA:CA:CC:10:00:01,AP-CAF-04,16,15,-58.8,cafeteria,27.401,6.818
2024-01-15 09:00:00,AA:CA:CC:10:00:01,AP-CAF-05,15,1,-62.3,cafeteria,27.401,6.818
2024-01-15 09:00:00,AA:CA:CC:11:00:01,AP-CAF-01,7,4,-42.2,cafeteria,8.976,1.664
2024-01-15 09:00:00,AA:CA:CC:11:00:01,AP-CAF-02,23,4,-58.7,cafeteria,8.976,1.664
2024-01-15 09:00:00,AA:CA:CC:11:00:01,AP-CAF-03,8,15,-53.2,cafeteria,8.976,1.664
2024-01-15 09:00:00,AA:CA:CC:11:00:01,AP-CAF-04,16,15,-59.8,cafeteria,8.976,1.664
2024-01-15 09:00:00,AA:CA:CC:11:00:01,AP-CAF-05,15,1,-49.0,cafeteria,8.976,1.664
2024-01-15 09:00:00,AA:CA:CC:12:00:01,AP-CAF-01,7,4,-47.4,cafeteria,5.057,9.81
2024-01-15 09:00:00,AA:CA:CC:12:00:01,AP-CAF-02,23,4,-60.4,cafeteria,5.057,9.81
2024-01-15 09:00:00,AA:CA:CC:12:00:01,AP-CAF-03,8,15,-47.8,cafeteria,5.057,9.81
2024-01-15 09:00:00,AA:CA:CC:12:00:01,AP-CAF-04,16,15,-58.9,cafeteria,5.057,9.81
2024-01-15 09:00:00,AA:CA:CC:12:00:01,AP-CAF-05,15,1,-55.3,cafeteria,5.057,9.81
2024-01-15 09:00:00,AA:CA:CC:13:00:01,AP-CAF-01,7,4,-61.1,cafeteria,18.739,10.644
2024-01-15 09:00:00,AA:CA:CC:13:00:01,AP-CAF-02,23,4,-54.4,cafeteria,18.739,10.644
2024-01-15 09:00:00,AA:CA:CC:13:00:01,AP-CAF-03,8,15,-57.7,cafeteria,18.739,10.644
2024-01-15 09:00:00,AA:CA:CC:13:00:01,AP-CAF-04,16,15,-47.6,cafeteria,18.739,10.644
2024-01-15 09:00:00,AA:CA:CC:13:00:01,AP-CAF-05,15,1,-56.4,cafeteria,18.739,10.644
2024-01-15 09:00:00,AA:CA:CC:14:00:01,AP-CAF-01,7,4,-61.2,cafeteria,19.972,1.299
2024-01-15 09:00:00,AA:CA:CC:14:00:01,AP-CAF-02,23,4,-45.1,cafeteria,19.972,1.299
2024-01-15 09:00:00,AA:CA:CC:14:00:01,AP-CAF-03,8,15,-63.6,cafeteria,19.972,1.299
2024-01-15 09:00:00,AA:CA:CC:14:00:01,AP-CAF-04,16,15,-57.9,cafeteria,19.972,1.299
2024-01-15 09:00:00,AA:CA:CC:14:00:01,AP-CAF-05,15,1,-49.3,cafeteria,19.972,1.299
2024-01-15 09:00:00,AA:CA:CC:15:00:01,AP-CAF-01,7,4,-59.6,cafeteria,27.228,3.475
2024-01-15 09:00:00,AA:CA:CC:15:00:01,AP-CAF-02,23,4,-47.3,cafeteria,27.228,3.475
2024-01-15 09:00:00,AA:CA:CC:15:00:01,AP-CAF-03,8,15,-64.4,cafeteria,27.228,3.475
2024-01-15 09:00:00,AA:CA:CC:15:00:01,AP-CAF-04,16,15,-58.5,cafeteria,27.228,3.475
2024-01-15 09:00:00,AA:CA:CC:15:00:01,AP-CAF-05,15,1,-59.9,cafeteria,27.228,3.475
2024-01-15 09:00:00,AA:CA:CC:16:00:01,AP-CAF-01,7,4,-64.8,cafeteria,23.882,10.994
2024-01-15 09:00:00,AA:CA:CC:16:00:01,AP-CAF-02,23,4,-50.8,cafeteria,23.882,10.994
2024-01-15 09:00:00,AA:CA:CC:16:00:01,AP-CAF-03,8,15,-59.8,cafeteria,23.882,10.994
2024-01-15 09:00:00,AA:CA:CC:16:00:01,AP-CAF-04,16,15,-52.1,cafeteria,23.882,10.994
2024-01-15 09:00:00,AA:CA:CC:16:00:01,AP-CAF-05,15,1,-60.6,cafeteria,23.882,10.994
2024-01-15 09:00:00,AA:CA:CC:17:00:01,AP-CAF-01,7,4,-64.9,cafeteria,21.327,17.148
2024-01-15 09:00:00,AA:CA:CC:17:00:01,AP-CAF-02,23,4,-57.6,cafeteria,21.327,17.148
2024-01-15 09:00:00,AA:CA:CC:17:00:01,AP-CAF-03,8,15,-57.6,cafeteria,21.327,17.148
2024-01-15 09:00:00,AA:CA:CC:17:00:01,AP-CAF-04,16,15,-50.3,cafeteria,21.327,17.148
2024-01-15 09:00:00,AA:CA:CC:17:00:01,AP-CAF-05,15,1,-60.5,cafeteria,21.327,17.148
2024-01-15 09:00:00,AA:CA:CC:18:00:01,AP-CAF-01,7,4,-57.5,cafeteria,5.526,17.174
2024-01-15 09:00:00,AA:CA:CC:18:00:01,AP-CAF-02,23,4,-64.9,cafeteria,5.526,17.174
2024-01-15 09:00:00,AA:CA:CC:18:00:01,AP-CAF-03,8,15,-39.2,cafeteria,5.526,17.174
2024-01-15 09:00:00,AA:CA:CC:18:00:01,AP-CAF-04,16,15,-54.8,cafeteria,5.526,17.174
2024-01-15 09:00:00,AA:CA:CC:18:00:01,AP-CAF-05,15,1,-64.2,cafeteria,5.526,17.174
2024-01-15 09:00:00,AA:CA:CC:19:00:01,AP-CAF-01,7,4,-57.3,cafeteria,20.941,5.27
2024-01-15 09:00:00,AA:CA:CC:19:00:01,AP-CAF-02,23,4,-37.3,cafeteria,20.941,5.27
2024-01-15 09:00:00,AA:CA:CC:19:00:01,AP-CAF-03,8,15,-61.9,cafeteria,20.941,5.27
2024-01-15 09:00:00,AA:CA:CC:19:00:01,AP-CAF-04,16,15,-54.0,cafeteria,20.941,5.27
2024-01-15 09:00:00,AA:CA:CC:19:00:01,AP-CAF-05,15,1,-50.8,cafeteria,20.941,5.27
2024-01-15 09:00:00,AA:CA:CC:1A:00:01,AP-CAF-01,7,4,-59.4,cafeteria,19.413,11.23
2024-01-15 09:00:00,AA:CA:CC:1A:00:01,AP-CAF-02,23,4,-54.2,cafeteria,19.413,11.23
2024-01-15 09:00:00,AA:CA:CC:1A:00:01,AP-CAF-03,8,15,-58.8,cafeteria,19.413,11.23
2024-01-15 09:00:00,AA:CA:CC:1A:00:01,AP-CAF-04,16,15,-49.3,cafeteria,19.413,11.23
2024-01-15 09:00:00,AA:CA:CC:1A:00:01,AP-CAF-05,15,1,-56.3,cafeteria,19.413,11.23
2024-01-15 09:00:00,AA:CA:CC:1B:00:01,AP-CAF-01,7,4,-62.2,cafeteria,25.977,12.36
2024-01-15 09:00:00,AA:CA:CC:1B:00:01,AP-CAF-02,23,4,-53.7,cafeteria,25.977,12.36
2024-01-15 09:00:00,AA:CA:CC:1B:00:01,AP-CAF-03,8,15,-58.6,cafeteria,25.977,12.36
2024-01-15 09:00:00,AA:CA:CC:1B:00:01,AP-CAF-04,16,15,-55.9,cafeteria,25.977,12.36
2024-01-15 09:00:00,AA:CA:CC:1B:00:01,AP-CAF-05,15,1,-54.5,cafeteria,25.977,12.36
2024-01-15 09:00:00,AA:CA:CC:1C:00:01,AP-CAF-01,7,4,-57.2,cafeteria,6.467,14.004
2024-01-15 09:00:00,AA:CA:CC:1C:00:01,AP-CAF-02,23,4,-61.2,cafeteria,6.467,14.004
2024-01-15 09:00:00,AA:CA:CC:1C:00:01,AP-CAF-03,8,15,-37.0,cafeteria,6.467,14.004
2024-01-15 09:00:00,AA:CA:CC:1C:00:01,AP-CAF-04,16,15,-53.1,cafeteria,6.467,14.004
2024-01-15 09:00:00,AA:CA:CC:1C:00:01,AP-CAF-05,15,1,-58.8,cafeteria,6.467,14.004
2024-01-15 09:00:00,AA:CA:CC:1D:00:01,AP-CAF-01,7,4,-64.8,cafeteria,27.981,16.354
2024-01-15 09:00:00,AA:CA:CC:1D:00:01,AP-CAF-02,23,4,-59.8,cafeteria,27.981,16.354
2024-01-15 09:00:00,AA:CA:CC:1D:00:01,AP-CAF-03,8,15,-65.6,cafeteria,27.981,16.354
2024-01-15 09:00:00,AA:CA:CC:1D:00:01,AP-CAF-04,16,15,-57.9,cafeteria,27.981,16.354
2024-01-15 09:00:00,AA:CA:CC:1D:00:01,AP-CAF-05,15,1,-60.9,cafeteria,27.981,16.354
2024-01-15 09:00:00,AA:CA:CC:1E:00:01,AP-CAF-01,7,4,-51.0,cafeteria,5.746,11.022
2024-01-15 09:00:00,AA:CA:CC:1E:00:01,AP-CAF-02,23,4,-61.0,cafeteria,5.746,11.022
2024-01-15 09:00:00,AA:CA:CC:1E:00:01,AP-CAF-03,8,15,-48.3,cafeteria,5.746,11.022
2024-01-15 09:00:00,AA:CA:CC:1E:00:01,AP-CAF-04,16,15,-55.7,cafeteria,5.746,11.022
2024-01-15 09:00:00,AA:CA:CC:1E:00:01,AP-CAF-05,15,1,-58.3,cafeteria,5.746,11.022
2024-01-15 09:00:00,AA:CA:CC:1F:00:01,AP-CAF-01,7,4,-65.5,cafeteria,25.566,14.334
2024-01-15 09:00:00,AA:CA:CC:1F:00:01,AP-CAF-02,23,4,-53.5,cafeteria,25.566,14.334
2024-01-15 09:00:00,AA:CA:CC:1F:00:01,AP-CAF-03,8,15,-59.0,cafeteria,25.566,14.334
2024-01-15 09:00:00,AA:CA:CC:1F:00:01,AP-CAF-04,16,15,-57.3,cafeteria,25.566,14.334
2024-01-15 09:00:00,AA:CA:CC:1F:00:01,AP-CAF-05,15,1,-62.6,cafeteria,25.566,14.334
2024-01-15 09:00:00,AA:CA:CC:20:00:01,AP-CAF-01,7,4,-61.7,cafeteria,23.662,15.582
2024-01-15 09:00:00,AA:CA:CC:20:00:01,AP-CAF-02,23,4,-48.9,cafeteria,23.662,15.582
2024-01-15 09:00:00,AA:CA:CC:20:00:01,AP-CAF-03,8,15,-58.7,cafeteria,23.662,15.582
2024-01-15 09:00:00,AA:CA:CC:20:00:01,AP-CAF-04,16,15,-49.9,cafeteria,23.662,15.582
2024-01-15 09:00:00,AA:CA:CC:20:00:01,AP-CAF-05,15,1,-58.8,cafeteria,23.662,15.582
2024-01-15 09:00:00,AA:CA:CC:21:00:01,AP-CAF-01,7,4,-60.8,cafeteria,25.92,7.084
2024-01-15 09:00:00,AA:CA:CC:21:00:01,AP-CAF-02,23,4,-47.2,cafeteria,25.92,7.084
2024-01-15 09:00:00,AA:CA:CC:21:00:01,AP-CAF-03,8,15,-62.8,cafeteria,25.92,7.084
2024-01-15 09:00:00,AA:CA:CC:21:00:01,AP-CAF-04,16,15,-58.6,cafeteria,25.92,7.084
2024-01-15 09:00:00,AA:CA:CC:21:00:01,AP-CAF-05,15,1,-57.3,cafeteria,25.92,7.084
2024-01-15 09:00:00,AA:CA:CC:22:00:01,AP-CAF-01,7,4,-53.4,cafeteria,14.037,10.768
2024-01-15 09:00:00,AA:CA:CC:22:00:01,AP-CAF-02,23,4,-59.5,cafeteria,14.037,10.768
2024-01-15 09:00:00,AA:CA:CC:22:00:01,AP-CAF-03,8,15,-52.6,cafeteria,14.037,10.768
2024-01-15 09:00:00,AA:CA:CC:22:00:01,AP-CAF-04,16,15,-44.5,cafeteria,14.037,10.768
2024-01-15 09:00:00,AA:CA:CC:22:00:01,AP-CAF-05,15,1,-54.7,cafeteria,14.037,10.768
2024-01-15 09:00:00,AA:CA:CC:23:00:01,AP-CAF-01,7,4,-62.0,cafeteria,22.56,4.885
2024-01-15 09:00:00,AA:CA:CC:23:00:01,AP-CAF-02,23,4,-31.3,cafeteria,22.56,4.885
2024-01-15 09:00:00,AA:CA:CC:23:00:01,AP-CAF-03,8,15,-60.8,cafeteria,22.56,4.885
2024-01-15 09:00:00,AA:CA:CC:23:00:01,AP-CAF-04,16,15,-56.9,cafeteria,22.56,4.885
2024-01-15 09:00:00,AA:CA:CC:23:00:01,AP-CAF-05,15,1,-54.5,cafeteria,22.56,4.885
2024-01-15 09:00:00,AA:CA:CC:24:00:01,AP-CAF-01,7,4,-61.4,cafeteria,16.138,12.474
2024-01-15 09:00:00,AA:CA:CC:24:00:01,AP-CAF-02,23,4,-55.6,cafeteria,16.138,12.474
2024-01-15 09:00:00,AA:CA:CC:24:00:01,AP-CAF-03,8,15,-54.6,cafeteria,16.138,12.474
2024-01-15 09:00:00,AA:CA:CC:24:00:01,AP-CAF-04,16,15,-38.4,cafeteria,16.138,12.474
2024-01-15 09:00:00,AA:CA:CC:24:00:01,AP-CAF-05,15,1,-58.1,cafeteria,16.138,12.474
2024-01-15 09:00:00,AA:CA:CC:25:00:01,AP-CAF-01,7,4,-59.8,cafeteria,1.71,18.328
2024-01-15 09:00:00,AA:CA:CC:25:00:01,AP-CAF-02,23,4,-64.2,cafeteria,1.71,18.328
2024-01-15 09:00:00,AA:CA:CC:25:00:01,AP-CAF-03,8,15,-49.6,cafeteria,1.71,18.328
2024-01-15 09:00:00,AA:CA:CC:25:00:01,AP-CAF-04,16,15,-61.6,cafeteria,1.71,18.328
2024-01-15 09:00:00,AA:CA:CC:25:00:01,AP-CAF-05,15,1,-64.1,cafeteria,1.71,18.328
2024-01-15 09:00:00,AA:CA:CC:26:00:01,AP-CAF-01,7,4,-35.1,cafeteria,5.38,5.504
2024-01-15 09:00:00,AA:CA:CC:26:00:01,AP-CAF-02,23,4,-60.4,cafeteria,5.38,5.504
2024-01-15 09:00:00,AA:CA:CC:26:00:01,AP-CAF-03,8,15,-57.4,cafeteria,5.38,5.504
2024-01-15 09:00:00,AA:CA:CC:26:00:01,AP-CAF-04,16,15,-57.0,cafeteria,5.38,5.504
2024-01-15 09:00:00,AA:CA:CC:26:00:01,AP-CAF-05,15,1,-51.4,cafeteria,5.38,5.504
2024-01-15 09:00:00,AA:CA:CC:27:00:01,AP-CAF-01,7,4,-47.3,cafeteria,12.749,5.459
2024-01-15 09:00:00,AA:CA:CC:27:00:01,AP-CAF-02,23,4,-52.8,cafeteria,12.749,5.459
2024-01-15 09:00:00,AA:CA:CC:27:00:01,AP-CAF-03,8,15,-57.1,cafeteria,12.749,5.459
2024-01-15 09:00:00,AA:CA:CC:27:00:01,AP-CAF-04,16,15,-54.2,cafeteria,12.749,5.459
2024-01-15 09:00:00,AA:CA:CC:27:00:01,AP-CAF-05,15,1,-45.9,cafeteria,12.749,5.459
2024-01-15 09:10:00,AA:CA:CC:00:00:01,AP-CAF-01,7,4,-58.2,cafeteria,14.277,2.761
2024-01-15 09:10:00,AA:CA:CC:00:00:01,AP-CAF-02,23,4,-55.7,cafeteria,14.277,2.761
2024-01-15 09:10:00,AA:CA:CC:00:00:01,AP-CAF-03,8,15,-59.0,cafeteria,14.277,2.761
2024-01-15 09:10:00,AA:CA:CC:00:00:01,AP-CAF-04,16,15,-59.8,cafeteria,14.277,2.761
2024-01-15 09:10:00,AA:CA:CC:00:00:01,AP-CAF-05,15,1,-33.7,cafeteria,14.277,2.761
2024-01-15 09:10:00,AA:CA:CC:01:00:01,AP-CAF-01,7,4,-59.8,cafeteria,18.783,1.815
2024-01-15 09:10:00,AA:CA:CC:01:00:01,AP-CAF-02,23,4,-44.0,cafeteria,18.783,1.815
2024-01-15 09:10:00,AA:CA:CC:01:00:01,AP-CAF-03,8,15,-63.7,cafeteria,18.783,1.815
2024-01-15 09:10:00,AA:CA:CC:01:00:01,AP-CAF-04,16,15,-55.9,cafeteria,18.783,1.815
2024-01-15 09:10:00,AA:CA:CC:01:00:01,AP-CAF-05,15,1,-44.7,cafeteria,18.783,1.815
2024-01-15 09:10:00,AA:CA:CC:02:00:01,AP-CAF-01,7,4,-57.0,cafeteria,19.443,3.933
2024-01-15 09:10:00,AA:CA:CC:02:00:01,AP-CAF-02,23,4,-45.0,cafeteria,19.443,3.933
2024-01-15 09:10:00,AA:CA:CC:02:00:01,AP-CAF-03,8,15,-59.9,cafeteria,19.443,3.933
2024-01-15 09:10:00,AA:CA:CC:02:00:01,AP-CAF-04,16,15,-57.4,cafeteria,19.443,3.933
2024-01-15 09:10:00,AA:CA:CC:02:00:01,AP-CAF-05,15,1,-47.9,cafeteria,19.443,3.933
2024-01-15 09:10:00,AA:CA:CC:03:00:01,AP-CAF-01,7,4,-53.5,cafeteria,11.869,12.579
2024-01-15 09:10:00,AA:CA:CC:03:00:01,AP-CAF-02,23,4,-54.4,cafeteria,11.869,12.579
2024-01-15 09:10:00,AA:CA:CC:03:00:01,AP-CAF-03,8,15,-50.4,cafeteria,11.869,12.579
2024-01-15 09:10:00,AA:CA:CC:03:00:01,AP-CAF-04,16,15,-47.3,cafeteria,11.869,12.579
2024-01-15 09:10:00,AA:CA:CC:03:00:01,AP-CAF-05,15,1,-55.8,cafeteria,11.869,12.579
2024-01-15 09:10:00,AA:CA:CC:04:00:01,AP-CAF-01,7,4,-64.3,cafeteria,27.913,17.296
2024-01-15 09:10:00,AA:CA:CC:04:00:01,AP-CAF-02,23,4,-60.0,cafeteria,27.913,17.296
2024-01-15 09:10:00,AA:CA:CC:04:00:01,AP-CAF-03,8,15,-63.0,cafeteria,27.913,17.296
2024-01-15 09:10:00,AA:CA:CC:04:00:01,AP-CAF-04,16,15,-58.1,cafeteria,27.913,17.296
2024-01-15 09:10:00,AA:CA:CC:04:00:01,AP-CAF-05,15,1,-64.1,cafeteria,27.913,17.296
2024-01-15 09:10:00,AA:CA:CC:05:00:01,AP-CAF-01,7,4,-53.2,cafeteria,4.309,13.541
2024-01-15 09:10:00,AA:CA:CC:05:00:01,AP-CAF-02,23,4,-61.2,cafeteria,4.309,13.541
2024-01-15 09:10:00,AA:CA:CC:05:00:01,AP-CAF-03,8,15,-44.4,cafeteria,4.309,13.541
2024-01-15 09:10:00,AA:CA:CC:05:00:01,AP-CAF-04,16,15,-55.2,cafeteria,4.309,13.541
2024-01-15 09:10:00,AA:CA:CC:05:00:01,AP-CAF-05,15,1,-59.2,cafeteria,4.309,13.541
2024-01-15 09:10:00,AA:CA:CC:06:00:01,AP-CAF-01,7,4,-35.5,cafeteria,8.897,4.194
2024-01-15 09:10:00,AA:CA:CC:06:00:01,AP-CAF-02,23,4,-57.5,cafeteria,8.897,4.194
2024-01-15 09:10:00,AA:CA:CC:06:00:01,AP-CAF-03,8,15,-55.9,cafeteria,8.897,4.194
2024-01-15 09:10:00,AA:CA:CC:06:00:01,AP-CAF-04,16,15,-57.6,cafeteria,8.897,4.194
2024-01-15 09:10:00,AA:CA:CC:06:00:01,AP-CAF-05,15,1,-48.4,cafeteria,8.897,4.194
2024-01-15 09:10:00,AA:CA:CC:07:00:01,AP-CAF-01,7,4,-60.0,cafeteria,10.542,17.754
2024-01-15 09:10:00,AA:CA:CC:07:00:01,AP-CAF-02,23,4,-62.1,cafeteria,10.542,17.754
2024-01-15 09:10:00,AA:CA:CC:07:00:01,AP-CAF-03,8,15,-42.1,cafeteria,10.542,17.754
2024-01-15 09:10:00,AA:CA:CC:07:00:01,AP-CAF-04,16,15,-48.0,cafeteria,10.542,17.754
2024-01-15 09:10:00,AA:CA:CC:07:00:01,AP-CAF-05,15,1,-59.3,cafeteria,10.542,17.754
2024-01-15 09:10:00,AA:CA:CC:08:00:01,AP-CAF-01,7,4,-55.7,cafeteria,3.887,17.246
2024-01-15 09:10:00,AA:CA:CC:08:00:01,AP-CAF-02,23,4,-64.1,cafeteria,3.887,17.246
2024-01-15 09:10:00,AA:CA:CC:08:00:01,AP-CAF-03,8,15,-45.4,cafeteria,3.887,17.246
2024-01-15 09:10:00,AA:CA:CC:08:00:01,AP-CAF-04,16,15,-57.9,cafeteria,3.887,17.246
2024-01-15 09:10:00,AA:CA:CC:08:00:01,AP-CAF-05,15,1,-61.7,cafeteria,3.887,17.246
2024-01-15 09:10:00,AA:CA:CC:09:00:01,AP-CAF-01,7,4,-63.8,cafeteria,27.617,11.322
2024-01-15 09:10:00,AA:CA:CC:09:00:01,AP-CAF-02,23,4,-55.1,cafeteria,27.617,11.322
2024-01-15 09:10:00,AA:CA:CC:09:00:01,AP-CAF-03,8,15,-58.3,cafeteria,27.617,11.322
2024-01-15 09:10:00,AA:CA:CC:09:00:01,AP-CAF-04,16,15,-59.2,cafeteria,27.617,11.322
2024-01-15 09:10:00,AA:CA:CC:09:00:01,AP-CAF-05,15,1,-62.7,cafeteria,27.617,11.322
2024-01-15 09:10:00,AA:CA:CC:0A:00:01,AP-CAF-01,7,4,-59.3,cafeteria,19.831,14.543
2024-01-15 09:10:00,AA:CA:CC:0A:00:01,AP-CAF-02,23,4,-54.8,cafeteria,19.831,14.543
2024-01-15 09:10:00,AA:CA:CC:0A:00:01,AP-CAF-03,8,15,-56.9,cafeteria,19.831,14.543
2024-01-15 09:10:00,AA:CA:CC:0A:00:01,AP-CAF-04,16,15,-46.5,cafeteria,19.831,14.543
2024-01-15 09:10:00,AA:CA:CC:0A:00:01,AP-CAF-05,15,1,-58.8,cafeteria,19.831,14.543
2024-01-15 09:10:00,AA:CA:CC:0B:00:01,AP-CAF-01,7,4,-60.4,cafeteria,13.363,16.979
2024-01-15 09:10:00,AA:CA:CC:0B:00:01,AP-CAF-02,23,4,-61.9,cafeteria,13.363,16.979
2024-01-15 09:10:00,AA:CA:CC:0B:00:01,AP-CAF-03,8,15,-49.6,cafeteria,13.363,16.979
2024-01-15 09:10:00,AA:CA:CC:0B:00:01,AP-CAF-04,16,15,-42.1,cafeteria,13.363,16.979
2024-01-15 09:10:00,AA:CA:CC:0B:00:01,AP-CAF-05,15,1,-61.3,cafeteria,13.363,16.979
2024-01-15 09:10:00,AA:CA:CC:0C:00:01,AP-CAF-01,7,4,-55.9,cafeteria,18.31,2.82
2024-01-15 09:10:00,AA:CA:CC:0C:00:01,AP-CAF-02,23,4,-48.1,cafeteria,18.31,2.82
2024-01-15 09:10:00,AA:CA:CC:0C:00:01,AP-CAF-03,8,15,-61.0,cafeteria,18.31,2.82
2024-01-15 09:10:00,AA:CA:CC:0C:00:01,AP-CAF-04,16,15,-56.9,cafeteria,18.31,2.82
2024-01-15 09:10:00,AA:CA:CC:0C:00:01,AP-CAF-05,15,1,-47.3,cafeteria,18.31,2.82
2024-01-15 09:10:00,AA:CA:CC:0D:00:01,AP-CAF-01,7,4,-66.3,cafeteria,23.758,18.05
2024-01-15 09:10:00,AA:CA:CC:0D:00:01,AP-CAF-02,23,4,-60.1,cafeteria,23.758,18.05
2024-01-15 09:10:00,AA:CA:CC:0D:00:01,AP-CAF-03,8,15,-60.6,cafeteria,23.758,18.05
2024-01-15 09:10:00,AA:CA:CC:0D:00:01,AP-CAF-04,16,15,-52.4,cafeteria,23.758,18.05
2024-01-15 09:10:00,AA:CA:CC:0D:00:01,AP-CAF-05,15,1,-59.1,cafeteria,23.758,18.05
2024-01-15 09:10:00,AA:CA:CC:0E:00:01,AP-CAF-01,7,4,-59.1,cafeteria,12.878,17.314
2024-01-15 09:10:00,AA:CA:CC:0E:00:01,AP-CAF-02,23,4,-62.6,cafeteria,12.878,17.314
2024-01-15 09:10:00,AA:CA:CC:0E:00:01,AP-CAF-03,8,15,-48.3,cafeteria,12.878,17.314
2024-01-15 09:10:00,AA:CA:CC:0E:00:01,AP-CAF-04,16,15,-45.3,cafeteria,12.878,17.314
2024-01-15 09:10:00,AA:CA:CC:0E:00:01,AP-CAF-05,15,1,-59.8,cafeteria,12.878,17.314
2024-01-15 09:10:00,AA:CA:CC:0F:00:01,AP-CAF-01,7,4,-62.2,cafeteria,21.889,11.501
2024-01-15 09:10:00,AA:CA:CC:0F:00:01,AP-CAF-02,23,4,-52.2,cafeteria,21.889,11.501
2024-01-15 09:10:00,AA:CA:CC:0F:00:01,AP-CAF-03,8,15,-58.1,cafeteria,21.889,11.501
2024-01-15 09:10:00,AA:CA:CC:0F:00:01,AP-CAF-04,16,15,-49.5,cafeteria,21.889,11.501
2024-01-15 09:10:00,AA:CA:CC:0F:00:01,AP-CAF-05,15,1,-58.3,cafeteria,21.889,11.501
2024-01-15 09:10:00,AA:CA:CC:10:00:01,AP-CAF-01,7,4,-58.5,cafeteria,7.261,18.338
2024-01-15 09:10:00,AA:CA:CC:10:00:01,AP-CAF-02,23,4,-63.2,cafeteria,7.261,18.338
2024-01-15 09:10:00,AA:CA:CC:10:00:01,AP-CAF-03,8,15,-43.2,cafeteria,7.261,18.338
2024-01-15 09:10:00,AA:CA:CC:10:00:01,AP-CAF-04,16,15,-55.8,cafeteria,7.261,18.338
2024-01-15 09:10:00,AA:CA:CC:10:00:01,AP-CAF-05,15,1,-61.9,cafeteria,7.261,18.338
2024-01-15 09:10:00,AA:CA:CC:11:00:01,AP-CAF-01,7,4,-58.4,cafeteria,18.623,13.523
2024-01-15 09:10:00,AA:CA:CC:11:00:01,AP-CAF-02,23,4,-51.2,cafeteria,18.623,13.523
2024-01-15 09:10:00,AA:CA:CC:11:00:01,AP-CAF-03,8,15,-57.3,cafeteria,18.623,13.523
2024-01-15 09:10:00,AA:CA:CC:11:00:01,AP-CAF-04,16,15,-40.2,cafeteria,18.623,13.523
2024-01-15 09:10:00,AA:CA:CC:11:00:01,AP-CAF-05,15,1,-57.5,cafeteria,18.623,13.523
2024-01-15 09:10:00,AA:CA:CC:12:00:01,AP-CAF-01,7,4,-43.4,cafeteria,2.272,6.057
2024-01-15 09:10:00,AA:CA:CC:12:00:01,AP-CAF-02,23,4,-64.6,cafeteria,2.272,6.057
2024-01-15 09:10:00,AA:CA:CC:12:00:01,AP-CAF-03,8,15,-57.3,cafeteria,2.272,6.057
2024-01-15 09:10:00,AA:CA:CC:12:00:01,AP-CAF-04,16,15,-61.6,cafeteria,2.272,6.057
2024-01-15 09:10:00,AA:CA:CC:12:00:01,AP-CAF-05,15,1,-62.7,cafeteria,2.272,6.057
2024-01-15 09:10:00,AA:CA:CC:13:00:01,AP-CAF-01,7,4,-56.5,cafeteria,17.342,2.399
2024-01-15 09:10:00,AA:CA:CC:13:00:01,AP-CAF-02,23,4,-48.6,cafeteria,17.342,2.399
2024-01-15 09:10:00,AA:CA:CC:13:00:01,AP-CAF-03,8,15,-56.1,cafeteria,17.342,2.399
2024-01-15 09:10:00,AA:CA:CC:13:00:01,AP-CAF-04,16,15,-55.7,cafeteria,17.342,2.399
2024-01-15 09:10:00,AA:CA:CC:13:00:01,AP-CAF-05,15,1,-42.1,cafeteria,17.342,2.399
2024-01-15 09:10:00,AA:CA:CC:14:00:01,AP-CAF-01,7,4,-60.6,cafeteria,20.172,3.927
2024-01-15 09:10:00,AA:CA:CC:14:00:01,AP-CAF-02,23,4,-37.6,cafeteria,20.172,3.927
2024-01-15 09:10:00,AA:CA:CC:14:00:01,AP-CAF-03,8,15,-58.0,cafeteria,20.172,3.927
2024-01-15 09:10:00,AA:CA:CC:14:00:01,AP-CAF-04,16,15,-57.8,cafeteria,20.172,3.927
2024-01-15 09:10:00,AA:CA:CC:14:00:01,AP-CAF-05,15,1,-52.8,cafeteria,20.172,3.927
2024-01-15 09:10:00,AA:CA:CC:15:00:01,AP-CAF-01,7,4,-62.0,cafeteria,28.158,16.158
2024-01-15 09:10:00,AA:CA:CC:15:00:01,AP-CAF-02,23,4,-58.2,cafeteria,28.158,16.158
2024-01-15 09:10:00,AA:CA:CC:15:00:01,AP-CAF-03,8,15,-60.2,cafeteria,28.158,16.158
2024-01-15 09:10:00,AA:CA:CC:15:00:01,AP-CAF-04,16,15,-60.4,cafeteria,28.158,16.158
2024-01-15 09:10:00,AA:CA:CC:15:00:01,AP-CAF-05,15,1,-63.8,cafeteria,28.158,16.158
2024-01-15 09:10:00,AA:CA:CC:16:00:01,AP-CAF-01,7,4,-58.1,cafeteria,2.579,16.565
2024-01-15 09:10:00,AA:CA:CC:16:00:01,AP-CAF-02,23,4,-64.4,cafeteria,2.579,16.565
2024-01-15 09:10:00,AA:CA:CC:16:00:01,AP-CAF-03,8,15,-49.7,cafeteria,2.579,16.565
2024-01-15 09:10:00,AA:CA:CC:16:00:01,AP-CAF-04,16,15,-57.0,cafeteria,2.579,16.565
2024-01-15 09:10:00,AA:CA:CC:16:00:01,AP-CAF-05,15,1,-64.6,cafeteria,2.579,16.565
2024-01-15 09:10:00,AA:CA:CC:17:00:01,AP-CAF-01,7,4,-63.9,cafeteria,27.713,11.911
2024-01-15 09:10:00,AA:CA:CC:17:00:01,AP-CAF-02,23,4,-52.7,cafeteria,27.713,11.911
2024-01-15 09:10:00,AA:CA:CC:17:00:01,AP-CAF-03,8,15,-64.8,cafeteria,27.713,11.911
2024-01-15 09:10:00,AA:CA:CC:17:00:01,AP-CAF-04,16,15,-60.2,cafeteria,27.713,11.911
2024-01-15 09:10:00,AA:CA:CC:17:00:01,AP-CAF-05,15,1,-58.0,cafeteria,27.713,11.911
2024-01-15 09:10:00,AA:CA:CC:18:00:01,AP-CAF-01,7,4,-51.4,cafeteria,4.18,13.088
2024-01-15 09:10:00,AA:CA:CC:18:00:01,AP-CAF-02,23,4,-62.8,cafeteria,4.18,13.088
2024-01-15 09:10:00,AA:CA:CC:18:00:01,AP-CAF-03,8,15,-43.4,cafeteria,4.18,13.088
2024-01-15 09:10:00,AA:CA:CC:18:00:01,AP-CAF-04,16,15,-56.8,cafeteria,4.18,13.088
2024-01-15 09:10:00,AA:CA:CC:18:00:01,AP-CAF-05,15,1,-56.1,cafeteria,4.18,13.088
2024-01-15 09:10:00,AA:CA:CC:19:00:01,AP-CAF-01,7,4,-58.5,cafeteria,25.546,8.263
2024-01-15 09:10:00,AA:CA:CC:19:00:01,AP-CAF-02,23,4,-46.1,cafeteria,25.546,8.263
2024-01-15 09:10:00,AA:CA:CC:19:00:01,AP-CAF-03,8,15,-59.1,cafeteria,25.546,8.263
2024-01-15 09:10:00,AA:CA:CC:19:00:01,AP-CAF-04,16,15,-58.6,cafeteria,25.546,8.263
2024-01-15 09:10:00,AA:CA:CC:19:00:01,AP-CAF-05,15,1,-56.3,cafeteria,25.546,8.263
2024-01-15 09:10:00,AA:CA:CC:1A:00:01,AP-CAF-01,7,4,-41.5,cafeteria,4.818,1.262
2024-01-15 09:10:00,AA:CA:CC:1A:00:01,AP-CAF-02,23,4,-65.1,cafeteria,4.818,1.262
2024-01-15 09:10:00,AA:CA:CC:1A:00:01,AP-CAF-03,8,15,-61.1,cafeteria,4.818,1.262
2024-01-15 09:10:00,AA:CA:CC:1A:00:01,AP-CAF-04,16,15,-65.3,cafeteria,4.818,1.262
2024-01-15 09:10:00,AA:CA:CC:1A:00:01,AP-CAF-05,15,1,-55.7,cafeteria,4.818,1.262
2024-01-15 09:10:00,AA:CA:CC:1B:00:01,AP-CAF-01,7,4,-57.2,cafeteria,15.392,15.106
2024-01-15 09:10:00,AA:CA:CC:1B:00:01,AP-CAF-02,23,4,-55.0,cafeteria,15.392,15.106
2024-01-15 09:10:00,AA:CA:CC:1B:00:01,AP-CAF-03,8,15,-54.5,cafeteria,15.392,15.106
2024-01-15 09:10:00,AA:CA:CC:1B:00:01,AP-CAF-04,16,15,-28.2,cafeteria,15.392,15.106
2024-01-15 09:10:00,AA:CA:CC:1B:00:01,AP-CAF-05,15,1,-58.9,cafeteria,15.392,15.106
2024-01-15 09:10:00,AA:CA:CC:1C:00:01,AP-CAF-01,7,4,-64.4,cafeteria,13.856,18.641
2024-01-15 09:10:00,AA:CA:CC:1C:00:01,AP-CAF-02,23,4,-61.1,cafeteria,13.856,18.641
2024-01-15 09:10:00,AA:CA:CC:1C:00:01,AP-CAF-03,8,15,-53.6,cafeteria,13.856,18.641
2024-01-15 09:10:00,AA:CA:CC:1C:00:01,AP-CAF-04,16,15,-44.3,cafeteria,13.856,18.641
2024-01-15 09:10:00,AA:CA:CC:1C:00:01,AP-CAF-05,15,1,-60.5,cafeteria,13.856,18.641
2024-01-15 09:10:00,AA:CA:CC:1D:00:01,AP-CAF-01,7,4,-45.0,cafeteria,6.093,7.222
2024-01-15 09:10:00,AA:CA:CC:1D:00:01,AP-CAF-02,23,4,-61.0,cafeteria,6.093,7.222
2024-01-15 09:10:00,AA:CA:CC:1D:00:01,AP-CAF-03,8,15,-50.7,cafeteria,6.093,7.222
2024-01-15 09:10:00,AA:CA:CC:1D:00:01,AP-CAF-04,16,15,-59.5,cafeteria,6.093,7.222
2024-01-15 09:10:00,AA:CA:CC:1D:00:01,AP-CAF-05,15,1,-54.9,cafeteria,6.093,7.222
2024-01-15 09:10:00,AA:CA:CC:1E:00:01,AP-CAF-01,7,4,-40.3,cafeteria,6.384,1.736
2024-01-15 09:10:00,AA:CA:CC:1E:00:01,AP-CAF-02,23,4,-62.2,cafeteria,6.384,1.736
2024-01-15 09:10:00,AA:CA:CC:1E:00:01,AP-CAF-03,8,15,-58.4,cafeteria,6.384,1.736
2024-01-15 09:10:00,AA:CA:CC:1E:00:01,AP-CAF-04,16,15,-62.4,cafeteria,6.384,1.736
2024-01-15 09:10:00,AA:CA:CC:1E:00:01,AP-CAF-05,15,1,-54.5,cafeteria,6.384,1.736
2024-01-15 09:10:00,AA:CA:CC:1F:00:01,AP-CAF-01,7,4,-59.8,cafeteria,15.096,13.427
2024-01-15 09:10:00,AA:CA:CC:1F:00:01,AP-CAF-02,23,4,-58.6,cafeteria,15.096,13.427
2024-01-15 09:10:00,AA:CA:CC:1F:00:01,AP-CAF-03,8,15,-51.1,cafeteria,15.096,13.427
2024-01-15 09:10:00,AA:CA:CC:1F:00:01,AP-CAF-04,16,15,-36.7,cafeteria,15.096,13.427
2024-01-15 09:10:00,AA:CA:CC:1F:00:01,AP-CAF-05,15,1,-57.8,cafeteria,15.096,13.427
2024-01-15 09:10:00,AA:CA:CC:20:00:01,AP-CAF-01,7,4,-63.4,cafeteria,23.574,14.469
2024-01-15 09:10:00,AA:CA:CC:20:00:01,AP-CAF-02,23,4,-56.7,cafeteria,23.574,14.469
2024-01-15 09:10:00,AA:CA:CC:20:00:01,AP-CAF-03,8,15,-60.4,cafeteria,23.574,14.469
2024-01-15 09:10:00,AA:CA:CC:20:00:01,AP-CAF-04,16,15,-56.6,cafeteria,23.574,14.469
2024-01-15 09:10:00,AA:CA:CC:20:00:01,AP-CAF-05,15,1,-63.1,cafeteria,23.574,14.469
2024-01-15 09:10:00,AA:CA:CC:21:00:01,AP-CAF-01,7,4,-54.7,cafeteria,13.951,14.454
2024-01-15 09:10:00,AA:CA:CC:21:00:01,AP-CAF-02,23,4,-57.4,cafeteria,13.951,14.454
2024-01-15 09:10:00,AA:CA:CC:21:00:01,AP-CAF-03,8,15,-48.8,cafeteria,13.951,14.454
2024-01-15 09:10:00,AA:CA:CC:21:00:01,AP-CAF-04,16,15,-32.0,cafeteria,13.951,14.454
2024-01-15 09:10:00,AA:CA:CC:21:00:01,AP-CAF-05,15,1,-56.0,cafeteria,13.951,14.454
2024-01-15 09:10:00,AA:CA:CC:22:00:01,AP-CAF-01,7,4,-52.4,cafeteria,4.001,9.053
2024-01-15 09:10:00,AA:CA:CC:22:00:01,AP-CAF-02,23,4,-61.9,cafeteria,4.001,9.053
2024-01-15 09:10:00,AA:CA:CC:22:00:01,AP-CAF-03,8,15,-52.9,cafeteria,4.001,9.053
2024-01-15 09:10:00,AA:CA:CC:22:00:01,AP-CAF-04,16,15,-61.0,cafeteria,4.001,9.053
2024-01-15 09:10:00,AA:CA:CC:22:00:01,AP-CAF-05,15,1,-59.7,cafeteria,4.001,9.053
2024-01-15 09:10:00,AA:CA:CC:23:00:01,AP-CAF-01,7,4,-60.3,cafeteria,4.353,17.029
2024-01-15 09:10:00,AA:CA:CC:23:00:01,AP-CAF-02,23,4,-60.5,cafeteria,4.353,17.029
2024-01-15 09:10:00,AA:CA:CC:23:00:01,AP-CAF-03,8,15,-43.7,cafeteria,4.353,17.029
2024-01-15 09:10:00,AA:CA:CC:23:00:01,AP-CAF-04,16,15,-56.8,cafeteria,4.353,17.029
2024-01-15 09:10:00,AA:CA:CC:23:00:01,AP-CAF-05,15,1,-59.1,cafeteria,4.353,17.029
2024-01-15 09:10:00,AA:CA:CC:24:00:01,AP-CAF-01,7,4,-48.9,cafeteria,3.434,10.668
2024-01-15 09:10:00,AA:CA:CC:24:00:01,AP-CAF-02,23,4,-61.8,cafeteria,3.434,10.668
2024-01-15 09:10:00,AA:CA:CC:24:00:01,AP-CAF-03,8,15,-52.0,cafeteria,3.434,10.668
2024-01-15 09:10:00,AA:CA:CC:24:00:01,AP-CAF-04,16,15,-58.5,cafeteria,3.434,10.668
2024-01-15 09:10:00,AA:CA:CC:24:00:01,AP-CAF-05,15,1,-61.2,cafeteria,3.434,10.668
2024-01-15 09:10:00,AA:CA:CC:25:00:01,AP-CAF-01,7,4,-61.5,cafeteria,19.086,11.274
2024-01-15 09:10:00,AA:CA:CC:25:00:01,AP-CAF-02,23,4,-55.7,cafeteria,19.086,11.274
2024-01-15 09:10:00,AA:CA:CC:25:00:01,AP-CAF-03,8,15,-55.6,cafeteria,19.086,11.274
2024-01-15 09:10:00,AA:CA:CC:25:00:01,AP-CAF-04,16,15,-48.4,cafeteria,19.086,11.274
2024-01-15 09:10:00,AA:CA:CC:25:00:01,AP-CAF-05,15,1,-57.1,cafeteria,19.086,11.274
2024-01-15 09:10:00,AA:CA:CC:26:00:01,AP-CAF-01,7,4,-38.8,cafeteria,6.224,6.132
2024-01-15 09:10:00,AA:CA:CC:26:00:01,AP-CAF-02,23,4,-62.4,cafeteria,6.224,6.132
2024-01-15 09:10:00,AA:CA:CC:26:00:01,AP-CAF-03,8,15,-53.4,cafeteria,6.224,6.132
2024-01-15 09:10:00,AA:CA:CC:26:00:01,AP-CAF-04,16,15,-58.1,cafeteria,6.224,6.132
2024-01-15 09:10:00,AA:CA:CC:26:00:01,AP-CAF-05,15,1,-55.7,cafeteria,6.224,6.132
2024-01-15 09:10:00,AA:CA:CC:27:00:01,AP-CAF-01,7,4,-66.6,cafeteria,28.145,16.579
2024-01-15 09:10:00,AA:CA:CC:27:00:01,AP-CAF-02,23,4,-59.5,cafeteria,28.145,16.579
2024-01-15 09:10:00,AA:CA:CC:27:00:01,AP-CAF-03,8,15,-61.1,cafeteria,28.145,16.579
2024-01-15 09:10:00,AA:CA:CC:27:00:01,AP-CAF-04,16,15,-56.2,cafeteria,28.145,16.579
2024-01-15 09:10:00,AA:CA:CC:27:00:01,AP-CAF-05,15,1,-64.7,cafeteria,28.145,16.579
2024-01-15 09:20:00,AA:CA:CC:00:00:01,AP-CAF-01,7,4,-66.5,cafeteria,27.023,11.022
2024-01-15 09:20:00,AA:CA:CC:00:00:01,AP-CAF-02,23,4,-51.6,cafeteria,27.023,11.022
2024-01-15 09:20:00,AA:CA:CC:00:00:01,AP-CAF-03,8,15,-63.5,cafeteria,27.023,11.022
2024-01-15 09:20:00,AA:CA:CC:00:00:01,AP-CAF-04,16,15,-55.6,cafeteria,27.023,11.022
2024-01-15 09:20:00,AA:CA:CC:00:00:01,AP-CAF-05,15,1,-61.4,cafeteria,27.023,11.022
2024-01-15 09:20:00,AA:CA:CC:01:00:01,AP-CAF-01,7,4,-56.6,cafeteria,15.213,5.363
2024-01-15 09:20:00,AA:CA:CC:01:00:01,AP-CAF-02,23,4,-51.9,cafeteria,15.213,5.363
2024-01-15 09:20:00,AA:CA:CC:01:00:01,AP-CAF-03,8,15,-58.8,cafeteria,15.213,5.363
2024-01-15 09:20:00,AA:CA:CC:01:00:01,AP-CAF-04,16,15,-53.4,cafeteria,15.213,5.363
2024-01-15 09:20:00,AA:CA:CC:01:00:01,AP-CAF-05,15,1,-49.3,cafeteria,15.213,5.363
2024-01-15 09:20:00,AA:CA:CC:02:00:01,AP-CAF-01,7,4,-50.6,cafeteria,5.322,9.661
2024-01-15 09:20:00,AA:CA:CC:02:00:01,AP-CAF-02,23,4,-61.6,cafeteria,5.322,9.661
2024-01-15 09:20:00,AA:CA:CC:02:00:01,AP-CAF-03,8,15,-51.1,cafeteria,5.322,9.661
2024-01-15 09:20:00,AA:CA:CC:02:00:01,AP-CAF-04,16,15,-57.7,cafeteria,5.322,9.661
2024-01-15 09:20:00,AA:CA:CC:02:00:01,AP-CAF-05,15,1,-55.8,cafeteria,5.322,9.661
2024-01-15 09:20:00,AA:CA:CC:03:00:01,AP-CAF-01,7,4,-55.4,cafeteria,8.13,13.267
2024-01-15 09:20:00,AA:CA:CC:03:00:01,AP-CAF-02,23,4,-60.0,cafeteria,8.13,13.267
2024-01-15 09:20:00,AA:CA:CC:03:00:01,AP-CAF-03,8,15,-33.1,cafeteria,8.13,13.267
2024-01-15 09:20:00,AA:CA:CC:03:00:01,AP-CAF-04,16,15,-57.6,cafeteria,8.13,13.267
2024-01-15 09:20:00,AA:CA:CC:03:00:01,AP-CAF-05,15,1,-60.3,cafeteria,8.13,13.267
2024-01-15 09:20:00,AA:CA:CC:04:00:01,AP-CAF-01,7,4,-58.1,cafeteria,10.768,17.732
2024-01-15 09:20:00,AA:CA:CC:04:00:01,AP-CAF-02,23,4,-62.8,cafeteria,10.768,17.732
2024-01-15 09:20:00,AA:CA:CC:04:00:01,AP-CAF-03,8,15,-44.6,cafeteria,10.768,17.732
2024-01-15 09:20:00,AA:CA:CC:04:00:01,AP-CAF-04,16,15,-49.6,cafeteria,10.768,17.732
2024-01-15 09:20:00,AA:CA:CC:04:00:01,AP-CAF-05,15,1,-58.6,cafeteria,10.768,17.732
2024-01-15 09:20:00,AA:CA:CC:05:00:01,AP-CAF-01,7,4,-56.0,cafeteria,4.914,15.315
2024-01-15 09:20:00,AA:CA:CC:05:00:01,AP-CAF-02,23,4,-64.2,cafeteria,4.914,15.315
2024-01-15 09:20:00,AA:CA:CC:05:00:01,AP-CAF-03,8,15,-43.2,cafeteria,4.914,15.315
2024-01-15 09:20:00,AA:CA:CC:05:00:01,AP-CAF-04,16,15,-55.3,cafeteria,4.914,15.315
2024-01-15 09:20:00,AA:CA:CC:05:00:01,AP-CAF-05,15,1,-61.9,cafeteria,4.914,15.315
2024-01-15 09:20:00,AA:CA:CC:06:00:01,AP-CAF-01,7,4,-57.0,cafeteria,19.626,10.415
2024-01-15 09:20:00,AA:CA:CC:06:00:01,AP-CAF-02,23,4,-52.2,cafeteria,19.626,10.415
2024-01-15 09:20:00,AA:CA:CC:06:00:01,AP-CAF-03,8,15,-55.0,cafeteria,19.626,10.415
2024-01-15 09:20:00,AA:CA:CC:06:00:01,AP-CAF-04,16,15,-50.0,cafeteria,19.626,10.415
2024-01-15 09:20:00,AA:CA:CC:06:00:01,AP-CAF-05,15,1,-59.6,cafeteria,19.626,10.415
2024-01-15 09:20:00,AA:CA:CC:07:00:01,AP-CAF-01,7,4,-53.7,cafeteria,13.955,6.425
2024-01-15 09:20:00,AA:CA:CC:07:00:01,AP-CAF-02,23,4,-54.3,cafeteria,13.955,6.425
2024-01-15 09:20:00,AA:CA:CC:07:00:01,AP-CAF-03,8,15,-52.1,cafeteria,13.955,6.425
2024-01-15 09:20:00,AA:CA:CC:07:00:01,AP-CAF-04,16,15,-53.0,cafeteria,13.955,6.425
2024-01-15 09:20:00,AA:CA:CC:07:00:01,AP-CAF-05,15,1,-49.0,cafeteria,13.955,6.425
2024-01-15 09:20:00,AA:CA:CC:08:00:01,AP-CAF-01,7,4,-52.5,cafeteria,11.749,10.784
2024-01-15 09:20:00,AA:CA:CC:08:00:01,AP-CAF-02,23,4,-56.4,cafeteria,11.749,10.784
2024-01-15 09:20:00,AA:CA:CC:08:00:01,AP-CAF-03,8,15,-51.7,cafeteria,11.749,10.784
2024-01-15 09:20:00,AA:CA:CC:08:00:01,AP-CAF-04,16,15,-47.1,cafeteria,11.749,10.784
2024-01-15 09:20:00,AA:CA:CC:08:00:01,AP-CAF-05,15,1,-54.7,cafeteria,11.749,10.784
2024-01-15 09:20:00,AA:CA:CC:09:00:01,AP-CAF-01,7,4,-58.8,cafeteria,18.362,10.602
2024-01-15 09:20:00,AA:CA:CC:09:00:01,AP-CAF-02,23,4,-52.3,cafeteria,18.362,10.602
2024-01-15 09:20:00,AA:CA:CC:09:00:01,AP-CAF-03,8,15,-55.8,cafeteria,18.362,10.602
2024-01-15 09:20:00,AA:CA:CC:09:00:01,AP-CAF-04,16,15,-48.4,cafeteria,18.362,10.602
2024-01-15 09:20:00,AA:CA:CC:09:00:01,AP-CAF-05,15,1,-56.9,cafeteria,18.362,10.602
2024-01-15 09:20:00,AA:CA:CC:0A:00:01,AP-CAF-01,7,4,-55.3,cafeteria,7.958,14.391
2024-01-15 09:20:00,AA:CA:CC:0A:00:01,AP-CAF-02,23,4,-62.5,cafeteria,7.958,14.391
2024-01-15 09:20:00,AA:CA:CC:0A:00:01,AP-CAF-03,8,15,-23.7,cafeteria,7.958,14.391
2024-01-15 09:20:00,AA:CA:CC:0A:00:01,AP-CAF-04,16,15,-52.0,cafeteria,7.958,14.391
2024-01-15 09:20:00,AA:CA:CC:0A:00:01,AP-CAF-05,15,1,-57.4,cafeteria,7.958,14.391
2024-01-15 09:20:00,AA:CA:CC:0B:00:01,AP-CAF-01,7,4,-58.5,cafeteria,4.098,16.236
2024-01-15 09:20:00,AA:CA:CC:0B:00:01,AP-CAF-02,23,4,-64.4,cafeteria,4.098,16.236
2024-01-15 09:20:00,AA:CA:CC:0B:00:01,AP-CAF-03,8,15,-47.3,cafeteria,4.098,16.236
2024-01-15 09:20:00,AA:CA:CC:0B:00:01,AP-CAF-04,16,15,-57.8,cafeteria,4.098,16.236
2024-01-15 09:20:00,AA:CA:CC:0B:00:01,AP-CAF-05,15,1,-61.1,cafeteria,4.098,16.236
2024-01-15 09:20:00,AA:CA:CC:0C:00:01,AP-CAF-01,7,4,-53.3,cafeteria,7.419,14.001
2024-01-15 09:20:00,AA:CA:CC:0C:00:01,AP-CAF-02,23,4,-59.0,cafeteria,7.419,14.001
2024-01-15 09:20:00,AA:CA:CC:0C:00:01,AP-CAF-03,8,15,-30.7,cafeteria,7.419,14.001
2024-01-15 09:20:00,AA:CA:CC:0C:00:01,AP-CAF-04,16,15,-49.7,cafeteria,7.419,14.001
2024-01-15 09:20:00,AA:CA:CC:0C:00:01,AP-CAF-05,15,1,-61.0,cafeteria,7.419,14.001
2024-01-15 09:20:00,AA:CA:CC:0D:00:01,AP-CAF-01,7,4,-60.7,cafeteria,6.085,17.352
2024-01-15 09:20:00,AA:CA:CC:0D:00:01,AP-CAF-02,23,4,-66.9,cafeteria,6.085,17.352
2024-01-15 09:20:00,AA:CA:CC:0D:00:01,AP-CAF-03,8,15,-39.1,cafeteria,6.085,17.352
2024-01-15 09:20:00,AA:CA:CC:0D:00:01,AP-CAF-04,16,15,-53.9,cafeteria,6.085,17.352
2024-01-15 09:20:00,AA:CA:CC:0D:00:01,AP-CAF-05,15,1,-61.9,cafeteria,6.085,17.352
2024-01-15 09:20:00,AA:CA:CC:0E:00:01,AP-CAF-01,7,4,-47.3,cafeteria,5.294,11.552
2024-01-15 09:20:00,AA:CA:CC:0E:00:01,AP-CAF-02,23,4,-61.9,cafeteria,5.294,11.552
2024-01-15 09:20:00,AA:CA:CC:0E:00:01,AP-CAF-03,8,15,-45.8,cafeteria,5.294,11.552
2024-01-15 09:20:00,AA:CA:CC:0E:00:01,AP-CAF-04,16,15,-54.8,cafeteria,5.294,11.552
2024-01-15 09:20:00,AA:CA:CC:0E:00:01,AP-CAF-05,15,1,-57.9,cafeteria,5.294,11.552
2024-01-15 09:20:00,AA:CA:CC:0F:00:01,AP-CAF-01,7,4,-58.1,cafeteria,20.803,3.746
2024-01-15 09:20:00,AA:CA:CC:0F:00:01,AP-CAF-02,23,4,-34.9,cafeteria,20.803,3.746
2024-01-15 09:20:00,AA:CA:CC:0F:00:01,AP-CAF-03,8,15,-58.1,cafeteria,20.803,3.746
2024-01-15 09:20:00,AA:CA:CC:0F:00:01,AP-CAF-04,16,15,-54.0,cafeteria,20.803,3.746
2024-01-15 09:20:00,AA:CA:CC:0F:00:01,AP-CAF-05,15,1,-51.2,cafeteria,20.803,3.746
2024-01-15 09:20:00,AA:CA:CC:10:00:01,AP-CAF-01,7,4,-66.6,cafeteria,27.162,17.66
2024-01-15 09:20:00,AA:CA:CC:10:00:01,AP-CAF-02,23,4,-59.1,cafeteria,27.162,17.66
2024-01-15 09:20:00,AA:CA:CC:10:00:01,AP-CAF-03,8,15,-62.1,cafeteria,27.162,17.66
2024-01-15 09:20:00,AA:CA:CC:10:00:01,AP-CAF-04,16,15,-54.3,cafeteria,27.162,17.66
2024-01-15 09:20:00,AA:CA:CC:10:00:01,AP-CAF-05,15,1,-66.2,cafeteria,27.162,17.66
2024-01-15 09:20:00,AA:CA:CC:11:00:01,AP-CAF-01,7,4,-45.2,cafeteria,2.533,7.034
2024-01-15 09:20:00,AA:CA:CC:11:00:01,AP-CAF-02,23,4,-64.9,cafeteria,2.533,7.034
2024-01-15 09:20:00,AA:CA:CC:11:00:01,AP-CAF-03,8,15,-57.9,cafeteria,2.533,7.034
2024-01-15 09:20:00,AA:CA:CC:11:00:01,AP-CAF-04,16,15,-58.2,cafeteria,2.533,7.034
2024-01-15 09:20:00,AA:CA:CC:11:00:01,AP-CAF-05,15,1,-58.4,cafeteria,2.533,7.034
2024-01-15 09:20:00,AA:CA:CC:12:00:01,AP-CAF-01,7,4,-48.0,cafeteria,10.698,7.245
2024-01-15 09:20:00,AA:CA:CC:12:00:01,AP-CAF-02,23,4,-54.3,cafeteria,10.698,7.245
2024-01-15 09:20:00,AA:CA:CC:12:00:01,AP-CAF-03,8,15,-53.4,cafeteria,10.698,7.245
2024-01-15 09:20:00,AA:CA:CC:12:00:01,AP-CAF-04,16,15,-57.3,cafeteria,10.698,7.245
2024-01-15 09:20:00,AA:CA:CC:12:00:01,AP-CAF-05,15,1,-52.5,cafeteria,10.698,7.245
2024-01-15 09:20:00,AA:CA:CC:13:00:01,AP-CAF-01,7,4,-54.6,cafeteria,14.954,8.541
2024-01-15 09:20:00,AA:CA:CC:13:00:01,AP-CAF-02,23,4,-54.6,cafeteria,14.954,8.541
2024-01-15 09:20:00,AA:CA:CC:13:00:01,AP-CAF-03,8,15,-53.0,cafeteria,14.954,8.541
2024-01-15 09:20:00,AA:CA:CC:13:00:01,AP-CAF-04,16,15,-46.7,cafeteria,14.954,8.541
2024-01-15 09:20:00,AA:CA:CC:13:00:01,AP-CAF-05,15,1,-49.7,cafeteria,14.954,8.541
2024-01-15 09:20:00,AA:CA:CC:14:00:01,AP-CAF-01,7,4,-56.1,cafeteria,1.367,12.944
2024-01-15 09:20:00,AA:CA:CC:14:00:01,AP-CAF-02,23,4,-66.4,cafeteria,1.367,12.944
2024-01-15 09:20:00,AA:CA:CC:14:00:01,AP-CAF-03,8,15,-45.9,cafeteria,1.367,12.944
2024-01-15 09:20:00,AA:CA:CC:14:00:01,AP-CAF-04,16,15,-59.1,cafeteria,1.367,12.944
2024-01-15 09:20:00,AA:CA:CC:14:00:01,AP-CAF-05,15,1,-61.4,cafeteria,1.367,12.944
2024-01-15 09:20:00,AA:CA:CC:15:00:01,AP-CAF-01,7,4,-58.0,cafeteria,6.877,17.165
2024-01-15 09:20:00,AA:CA:CC:15:00:01,AP-CAF-02,23,4,-64.1,cafeteria,6.877,17.165
2024-01-15 09:20:00,AA:CA:CC:15:00:01,AP-CAF-03,8,15,-40.8,cafeteria,6.877,17.165
2024-01-15 09:20:00,AA:CA:CC:15:00:01,AP-CAF-04,16,15,-54.4,cafeteria,6.877,17.165
2024-01-15 09:20:00,AA:CA:CC:15:00:01,AP-CAF-05,15,1,-62.5,cafeteria,6.877,17.165
2024-01-15 09:20:00,AA:CA:CC:16:00:01,AP-CAF-01,7,4,-55.5,cafeteria,16.816,2.183
2024-01-15 09:20:00,AA:CA:CC:16:00:01,AP-CAF-02,23,4,-47.2,cafeteria,16.816,2.183
2024-01-15 09:20:00,AA:CA:CC:16:00:01,AP-CAF-03,8,15,-65.1,cafeteria,16.816,2.183
2024-01-15 09:20:00,AA:CA:CC:16:00:01,AP-CAF-04,16,15,-55.5,cafeteria,16.816,2.183
2024-01-15 09:20:00,AA:CA:CC:16:00:01,AP-CAF-05,15,1,-35.9,cafeteria,16.816,2.183
2024-01-15 09:20:00,AA:CA:CC:17:00:01,AP-CAF-01,7,4,-39.8,cafeteria,5.347,4.275
2024-01-15 09:20:00,AA:CA:CC:17:00:01,AP-CAF-02,23,4,-64.0,cafeteria,5.347,4.275
2024-01-15 09:20:00,AA:CA:CC:17:00:01,AP-CAF-03,8,15,-57.6,cafeteria,5.347,4.275
2024-01-15 09:20:00,AA:CA:CC:17:00:01,AP-CAF-04,16,15,-61.7,cafeteria,5.347,4.275
2024-01-15 09:20:00,AA:CA:CC:17:00:01,AP-CAF-05,15,1,-51.7,cafeteria,5.347,4.275
2024-01-15 09:20:00,AA:CA:CC:18:00:01,AP-CAF-01,7,4,-46.2,cafeteria,1.711,3.811
2024-01-15 09:20:00,AA:CA:CC:18:00:01,AP-CAF-02,23,4,-60.7,cafeteria,1.711,3.811
2024-01-15 09:20:00,AA:CA:CC:18:00:01,AP-CAF-03,8,15,-56.3,cafeteria,1.711,3.811
2024-01-15 09:20:00,AA:CA:CC:18:00:01,AP-CAF-04,16,15,-63.7,cafeteria,1.711,3.811
2024-01-15 09:20:00,AA:CA:CC:18:00:01,AP-CAF-05,15,1,-59.4,cafeteria,1.711,3.811
2024-01-15 09:20:00,AA:CA:CC:19:00:01,AP-CAF-01,7,4,-56.3,cafeteria,19.277,5.287
2024-01-15 09:20:00,AA:CA:CC:19:00:01,AP-CAF-02,23,4,-45.4,cafeteria,19.277,5.287
2024-01-15 09:20:00,AA:CA:CC:19:00:01,AP-CAF-03,8,15,-60.1,cafeteria,19.277,5.287
2024-01-15 09:20:00,AA:CA:CC:19:00:01,AP-CAF-04,16,15,-53.8,cafeteria,19.277,5.287
2024-01-15 09:20:00,AA:CA:CC:19:00:01,AP-CAF-05,15,1,-48.7,cafeteria,19.277,5.287
2024-01-15 09:20:00,AA:CA:CC:1A:00:01,AP-CAF-01,7,4,-63.4,cafeteria,24.246,8.149
2024-01-15 09:20:00,AA:CA:CC:1A:00:01,AP-CAF-02,23,4,-44.7,cafeteria,24.246,8.149
2024-01-15 09:20:00,AA:CA:CC:1A:00:01,AP-CAF-03,8,15,-60.0,cafeteria,24.246,8.149
2024-01-15 09:20:00,AA:CA:CC:1A:00:01,AP-CAF-04,16,15,-56.4,cafeteria,24.246,8.149
2024-01-15 09:20:00,AA:CA:CC:1A:00:01,AP-CAF-05,15,1,-56.0,cafeteria,24.246,8.149
2024-01-15 09:20:00,AA:CA:CC:1B:00:01,AP-CAF-01,7,4,-61.4,cafeteria,12.8,17.068
2024-01-15 09:20:00,AA:CA:CC:1B:00:01,AP-CAF-02,23,4,-61.5,cafeteria,12.8,17.068
2024-01-15 09:20:00,AA:CA:CC:1B:00:01,AP-CAF-03,8,15,-45.9,cafeteria,12.8,17.068
2024-01-15 09:20:00,AA:CA:CC:1B:00:01,AP-CAF-04,16,15,-45.9,cafeteria,12.8,17.068
2024-01-15 09:20:00,AA:CA:CC:1B:00:01,AP-CAF-05,15,1,-63.1,cafeteria,12.8,17.068
2024-01-15 09:20:00,AA:CA:CC:1C:00:01,AP-CAF-01,7,4,-58.3,cafeteria,17.528,5.825
2024-01-15 09:20:00,AA:CA:CC:1C:00:01,AP-CAF-02,23,4,-45.5,cafeteria,17.528,5.825
2024-01-15 09:20:00,AA:CA:CC:1C:00:01,AP-CAF-03,8,15,-62.2,cafeteria,17.528,5.825
2024-01-15 09:20:00,AA:CA:CC:1C:00:01,AP-CAF-04,16,15,-50.8,cafeteria,17.528,5.825
2024-01-15 09:20:00,AA:CA:CC:1C:00:01,AP-CAF-05,15,1,-48.0,cafeteria,17.528,5.825
2024-01-15 09:20:00,AA:CA:CC:1D:00:01,AP-CAF-01,7,4,-59.9,cafeteria,22.381,3.522
2024-01-15 09:20:00,AA:CA:CC:1D:00:01,AP-CAF-02,23,4,-27.4,cafeteria,22.381,3.522
2024-01-15 09:20:00,AA:CA:CC:1D:00:01,AP-CAF-03,8,15,-59.4,cafeteria,22.381,3.522
2024-01-15 09:20:00,AA:CA:CC:1D:00:01,AP-CAF-04,16,15,-57.7,cafeteria,22.381,3.522
2024-01-15 09:20:00,AA:CA:CC:1D:00:01,AP-CAF-05,15,1,-52.0,cafeteria,22.381,3.522
2024-01-15 09:20:00,AA:CA:CC:1E:00:01,AP-CAF-01,7,4,-49.6,cafeteria,12.906,1.404
2024-01-15 09:20:00,AA:CA:CC:1E:00:01,AP-CAF-02,23,4,-58.9,cafeteria,12.906,1.404
2024-01-15 09:20:00,AA:CA:CC:1E:00:01,AP-CAF-03,8,15,-61.7,cafeteria,12.906,1.404
2024-01-15 09:20:00,AA:CA:CC:1E:00:01,AP-CAF-04,16,15,-57.1,cafeteria,12.906,1.404
2024-01-15 09:20:00,AA:CA:CC:1E:00:01,AP-CAF-05,15,1,-37.9,cafeteria,12.906,1.404
2024-01-15 09:20:00,AA:CA:CC:1F:00:01,AP-CAF-01,7,4,-64.2,cafeteria,28.563,10.462
2024-01-15 09:20:00,AA:CA:CC:1F:00:01,AP-CAF-02,23,4,-54.3,cafeteria,28.563,10.462
2024-01-15 09:20:00,AA:CA:CC:1F:00:01,AP-CAF-03,8,15,-64.6,cafeteria,28.563,10.462
2024-01-15 09:20:00,AA:CA:CC:1F:00:01,AP-CAF-04,16,15,-57.8,cafeteria,28.563,10.462
2024-01-15 09:20:00,AA:CA:CC:1F:00:01,AP-CAF-05,15,1,-62.4,cafeteria,28.563,10.462
2024-01-15 09:20:00,AA:CA:CC:20:00:01,AP-CAF-01,7,4,-49.3,cafeteria,8.674,10.975
2024-01-15 09:20:00,AA:CA:CC:20:00:01,AP-CAF-02,23,4,-59.1,cafeteria,8.674,10.975
2024-01-15 09:20:00,AA:CA:CC:20:00:01,AP-CAF-03,8,15,-44.8,cafeteria,8.674,10.975
2024-01-15 09:20:00,AA:CA:CC:20:00:01,AP-CAF-04,16,15,-51.1,cafeteria,8.674,10.975
2024-01-15 09:20:00,AA:CA:CC:20:00:01,AP-CAF-05,15,1,-53.5,cafeteria,8.674,10.975
2024-01-15 09:20:00,AA:CA:CC:21:00:01,AP-CAF-01,7,4,-56.2,cafeteria,5.91,17.459
2024-01-15 09:20:00,AA:CA:CC:21:00:01,AP-CAF-02,23,4,-67.1,cafeteria,5.91,17.459
2024-01-15 09:20:00,AA:CA:CC:21:00:01,AP-CAF-03,8,15,-45.3,cafeteria,5.91,17.459
2024-01-15 09:20:00,AA:CA:CC:21:00:01,AP-CAF-04,16,15,-56.7,cafeteria,5.91,17.459
2024-01-15 09:20:00,AA:CA:CC:21:00:01,AP-CAF-05,15,1,-61.8,cafeteria,5.91,17.459
2024-01-15 09:20:00,AA:CA:CC:22:00:01,AP-CAF-01,7,4,-55.0,cafeteria,5.656,14.285
2024-01-15 09:20:00,AA:CA:CC:22:00:01,AP-CAF-02,23,4,-64.1,cafeteria,5.656,14.285
2024-01-15 09:20:00,AA:CA:CC:22:00:01,AP-CAF-03,8,15,-41.0,cafeteria,5.656,14.285
2024-01-15 09:20:00,AA:CA:CC:22:00:01,AP-CAF-04,16,15,-58.2,cafeteria,5.656,14.285
2024-01-15 09:20:00,AA:CA:CC:22:00:01,AP-CAF-05,15,1,-62.1,cafeteria,5.656,14.285
2024-01-15 09:20:00,AA:CA:CC:23:00:01,AP-CAF-01,7,4,-61.6,cafeteria,21.133,6.348
2024-01-15 09:20:00,AA:CA:CC:23:00:01,AP-CAF-02,23,4,-43.8,cafeteria,21.133,6.348
2024-01-15 09:20:00,AA:CA:CC:23:00:01,AP-CAF-03,8,15,-54.7,cafeteria,21.133,6.348
2024-01-15 09:20:00,AA:CA:CC:23:00:01,AP-CAF-04,16,15,-54.1,cafeteria,21.133,6.348
2024-01-15 09:20:00,AA:CA:CC:23:00:01,AP-CAF-05,15,1,-52.4,cafeteria,21.133,6.348
2024-01-15 09:20:00,AA:CA:CC:24:00:01,AP-CAF-01,7,4,-60.2,cafeteria,21.512,4.869
2024-01-15 09:20:00,AA:CA:CC:24:00:01,AP-CAF-02,23,4,-35.7,cafeteria,21.512,4.869
2024-01-15 09:20:00,AA:CA:CC:24:00:01,AP-CAF-03,8,15,-55.6,cafeteria,21.512,4.869
2024-01-15 09:20:00,AA:CA:CC:24:00:01,AP-CAF-04,16,15,-56.7,cafeteria,21.512,4.869
2024-01-15 09:20:00,AA:CA:CC:24:00:01,AP-CAF-05,15,1,-49.7,cafeteria,21.512,4.869
2024-01-15 09:20:00,AA:CA:CC:25:00:01,AP-CAF-01,7,4,-44.8,cafeteria,3.985,2.352
2024-01-15 09:20:00,AA:CA:CC:25:00:01,AP-CAF-02,23,4,-62.1,cafeteria,3.985,2.352
2024-01-15 09:20:00,AA:CA:CC:25:00:01,AP-CAF-03,8,15,-54.5,cafeteria,3.985,2.352
2024-01-15 09:20:00,AA:CA:CC:25:00:01,AP-CAF-04,16,15,-62.3,cafeteria,3.985,2.352
2024-01-15 09:20:00,AA:CA:CC:25:00:01,AP-CAF-05,15,1,-52.5,cafeteria,3.985,2.352
2024-01-15 09:20:00,AA:CA:CC:26:00:01,AP-CAF-01,7,4,-55.5,cafeteria,7.899,15.744
2024-01-15 09:20:00,AA:CA:CC:26:00:01,AP-CAF-02,23,4,-60.1,cafeteria,7.899,15.744
2024-01-15 09:20:00,AA:CA:CC:26:00:01,AP-CAF-03,8,15,-25.6,cafeteria,7.899,15.744
2024-01-15 09:20:00,AA:CA:CC:26:00:01,AP-CAF-04,16,15,-55.9,cafeteria,7.899,15.744
2024-01-15 09:20:00,AA:CA:CC:26:00:01,AP-CAF-05,15,1,-61.8,cafeteria,7.899,15.744
2024-01-15 09:20:00,AA:CA:CC:27:00:01,AP-CAF-01,7,4,-62.9,cafeteria,26.685,3.463
2024-01-15 09:20:00,AA:CA:CC:27:00:01,AP-CAF-02,23,4,-44.4,cafeteria,26.685,3.463
2024-01-15 09:20:00,AA:CA:CC:27:00:01,AP-CAF-03,8,15,-62.3,cafeteria,26.685,3.463
2024-01-15 09:20:00,AA:CA:CC:27:00:01,AP-CAF-04,16,15,-59.6,cafeteria,26.685,3.463
2024-01-15 09:20:00,AA:CA:CC:27:00:01,AP-CAF-05,15,1,-59.6,cafeteria,26.685,3.463
2024-01-15 09:30:00,AA:CA:CC:00:00:01,AP-CAF-01,7,4,-62.0,cafeteria,25.442,14.18
2024-01-15 09:30:00,AA:CA:CC:00:00:01,AP-CAF-02,23,4,-53.3,cafeteria,25.442,14.18
2024-01-15 09:30:00,AA:CA:CC:00:00:01,AP-CAF-03,8,15,-59.4,cafeteria,25.442,14.18
2024-01-15 09:30:00,AA:CA:CC:00:00:01,AP-CAF-04,16,15,-53.5,cafeteria,25.442,14.18
2024-01-15 09:30:00,AA:CA:CC:00:00:01,AP-CAF-05,15,1,-60.8,cafeteria,25.442,14.18
2024-01-15 09:30:00,AA:CA:CC:01:00:01,AP-CAF-01,7,4,-62.6,cafeteria,7.194,18.778
2024-01-15 09:30:00,AA:CA:CC:01:00:01,AP-CAF-02,23,4,-62.5,cafeteria,7.194,18.778
2024-01-15 09:30:00,AA:CA:CC:01:00:01,AP-CAF-03,8,15,-44.3,cafeteria,7.194,18.778
2024-01-15 09:30:00,AA:CA:CC:01:00:01,AP-CAF-04,16,15,-54.0,cafeteria,7.194,18.778
2024-01-15 09:30:00,AA:CA:CC:01:00:01,AP-CAF-05,15,1,-64.8,cafeteria,7.194,18.778
2024-01-15 09:30:00,AA:CA:CC:02:00:01,AP-CAF-01,7,4,-64.6,cafeteria,26.634,1.611
2024-01-15 09:30:00,AA:CA:CC:02:00:01,AP-CAF-02,23,4,-43.9,cafeteria,26.634,1.611
2024-01-15 09:30:00,AA:CA:CC:02:00:01,AP-CAF-03,8,15,-64.1,cafeteria,26.634,1.611
2024-01-15 09:30:00,AA:CA:CC:02:00:01,AP-CAF-04,16,15,-59.5,cafeteria,26.634,1.611
2024-01-15 09:30:00,AA:CA:CC:02:00:01,AP-CAF-05,15,1,-56.6,cafeteria,26.634,1.611
2024-01-15 09:30:00,AA:CA:CC:03:00:01,AP-CAF-01,7,4,-57.2,cafeteria,9.935,15.92
2024-01-15 09:30:00,AA:CA:CC:03:00:01,AP-CAF-02,23,4,-61.0,cafeteria,9.935,15.92
2024-01-15 09:30:00,AA:CA:CC:03:00:01,AP-CAF-03,8,15,-39.2,cafeteria,9.935,15.92
2024-01-15 09:30:00,AA:CA:CC:03:00:01,AP-CAF-04,16,15,-50.6,cafeteria,9.935,15.92
2024-01-15 09:30:00,AA:CA:CC:03:00:01,AP-CAF-05,15,1,-60.6,cafeteria,9.935,15.92
2024-01-15 09:30:00,AA:CA:CC:04:00:01,AP-CAF-01,7,4,-52.8,cafeteria,3.155,13.533
2024-01-15 09:30:00,AA:CA:CC:04:00:01,AP-CAF-02,23,4,-65.4,cafeteria,3.155,13.533
2024-01-15 09:30:00,AA:CA:CC:04:00:01,AP-CAF-03,8,15,-48.0,cafeteria,3.155,13.533
2024-01-15 09:30:00,AA:CA:CC:04:00:01,AP-CAF-04,16,15,-58.7,cafeteria,3.155,13.533
2024-01-15 09:30:00,AA:CA:CC:04:00:01,AP-CAF-05,15,1,-58.0,cafeteria,3.155,13.533
2024-01-15 09:30:00,AA:CA:CC:05:00:01,AP-CAF-01,7,4,-53.2,cafeteria,9.925,12.266
2024-01-15 09:30:00,AA:CA:CC:05:00:01,AP-CAF-02,23,4,-59.2,cafeteria,9.925,12.266
2024-01-15 09:30:00,AA:CA:CC:05:00:01,AP-CAF-03,8,15,-41.3,cafeteria,9.925,12.266
2024-01-15 09:30:00,AA:CA:CC:05:00:01,AP-CAF-04,16,15,-50.4,cafeteria,9.925,12.266
2024-01-15 09:30:00,AA:CA:CC:05:00:01,AP-CAF-05,15,1,-55.2,cafeteria,9.925,12.266
2024-01-15 09:30:00,AA:CA:CC:06:00:01,AP-CAF-01,7,4,-65.2,cafeteria,27.294,15.378
2024-01-15 09:30:00,AA:CA:CC:06:00:01,AP-CAF-02,23,4,-54.3,cafeteria,27.294,15.378
2024-01-15 09:30:00,AA:CA:CC:06:00:01,AP-CAF-03,8,15,-57.5,cafeteria,27.294,15.378
2024-01-15 09:30:00,AA:CA:CC:06:00:01,AP-CAF-04,16,15,-57.1,cafeteria,27.294,15.378
2024-01-15 09:30:00,AA:CA:CC:06:00:01,AP-CAF-05,15,1,-62.8,cafeteria,27.294,15.378
2024-01-15 09:30:00,AA:CA:CC:07:00:01,AP-CAF-01,7,4,-53.9,cafeteria,12.798,14.276
2024-01-15 09:30:00,AA:CA:CC:07:00:01,AP-CAF-02,23,4,-59.9,cafeteria,12.798,14.276
2024-01-15 09:30:00,AA:CA:CC:07:00:01,AP-CAF-03,8,15,-47.7,cafeteria,12.798,14.276
2024-01-15 09:30:00,AA:CA:CC:07:00:01,AP-CAF-04,16,15,-45.6,cafeteria,12.798,14.276
2024-01-15 09:30:00,AA:CA:CC:07:00:01,AP-CAF-05,15,1,-60.1,cafeteria,12.798,14.276
2024-01-15 09:30:00,AA:CA:CC:08:00:01,AP-CAF-01,7,4,-40.4,cafeteria,9.297,5.205
2024-01-15 09:30:00,AA:CA:CC:08:00:01,AP-CAF-02,23,4,-58.0,cafeteria,9.297,5.205
2024-01-15 09:30:00,AA:CA:CC:08:00:01,AP-CAF-03,8,15,-51.8,cafeteria,9.297,5.205
2024-01-15 09:30:00,AA:CA:CC:08:00:01,AP-CAF-04,16,15,-58.9,cafeteria,9.297,5.205
2024-01-15 09:30:00,AA:CA:CC:08:00:01,AP-CAF-05,15,1,-49.3,cafeteria,9.297,5.205
2024-01-15 09:30:00,AA:CA:CC:09:00:01,AP-CAF-01,7,4,-63.6,cafeteria,27.452,9.413
2024-01-15 09:30:00,AA:CA:CC:09:00:01,AP-CAF-02,23,4,-53.4,cafeteria,27.452,9.413
2024-01-15 09:30:00,AA:CA:CC:09:00:01,AP-CAF-03,8,15,-61.9,cafeteria,27.452,9.413
2024-01-15 09:30:00,AA:CA:CC:09:00:01,AP-CAF-04,16,15,-57.3,cafeteria,27.452,9.413
2024-01-15 09:30:00,AA:CA:CC:09:00:01,AP-CAF-05,15,1,-58.4,cafeteria,27.452,9.413
2024-01-15 09:30:00,AA:CA:CC:0A:00:01,AP-CAF-01,7,4,-58.8,cafeteria,18.017,10.228
2024-01-15 09:30:00,AA:CA:CC:0A:00:01,AP-CAF-02,23,4,-53.6,cafeteria,18.017,10.228
2024-01-15 09:30:00,AA:CA:CC:0A:00:01,AP-CAF-03,8,15,-57.4,cafeteria,18.017,10.228
2024-01-15 09:30:00,AA:CA:CC:0A:00:01,AP-CAF-04,16,15,-49.0,cafeteria,18.017,10.228
2024-01-15 09:30:00,AA:CA:CC:0A:00:01,AP-CAF-05,15,1,-56.0,cafeteria,18.017,10.228
2024-01-15 09:30:00,AA:CA:CC:0B:00:01,AP-CAF-01,7,4,-57.1,cafeteria,2.62,18.444
2024-01-15 09:30:00,AA:CA:CC:0B:00:01,AP-CAF-02,23,4,-62.1,cafeteria,2.62,18.444
2024-01-15 09:30:00,AA:CA:CC:0B:00:01,AP-CAF-03,8,15,-51.3,cafeteria,2.62,18.444
2024-01-15 09:30:00,AA:CA:CC:0B:00:01,AP-CAF-04,16,15,-60.2,cafeteria,2.62,18.444
2024-01-15 09:30:00,AA:CA:CC:0B:00:01,AP-CAF-05,15,1,-62.3,cafeteria,2.62,18.444
2024-01-15 09:30:00,AA:CA:CC:0C:00:01,AP-CAF-01,7,4,-60.3,cafeteria,23.843,5.04
2024-01-15 09:30:00,AA:CA:CC:0C:00:01,AP-CAF-02,23,4,-36.2,cafeteria,23.843,5.04
2024-01-15 09:30:00,AA:CA:CC:0C:00:01,AP-CAF-03,8,15,-58.7,cafeteria,23.843,5.04
2024-01-15 09:30:00,AA:CA:CC:0C:00:01,AP-CAF-04,16,15,-54.0,cafeteria,23.843,5.04
2024-01-15 09:30:00,AA:CA:CC:0C:00:01,AP-CAF-05,15,1,-55.9,cafeteria,23.843,5.04
2024-01-15 09:30:00,AA:CA:CC:0D:00:01,AP-CAF-01,7,4,-65.1,cafeteria,25.885,18.202
2024-01-15 09:30:00,AA:CA:CC:0D:00:01,AP-CAF-02,23,4,-58.5,cafeteria,25.885,18.202
2024-01-15 09:30:00,AA:CA:CC:0D:00:01,AP-CAF-03,8,15,-60.8,cafeteria,25.885,18.202
2024-01-15 09:30:00,AA:CA:CC:0D:00:01,AP-CAF-04,16,15,-54.1,cafeteria,25.885,18.202
2024-01-15 09:30:00,AA:CA:CC:0D:00:01,AP-CAF-05,15,1,-58.7,cafeteria,25.885,18.202
2024-01-15 09:30:00,AA:CA:CC:0E:00:01,AP-CAF-01,7,4,-51.5,cafeteria,3.436,8.352
2024-01-15 09:30:00,AA:CA:CC:0E:00:01,AP-CAF-02,23,4,-64.0,cafeteria,3.436,8.352
2024-01-15 09:30:00,AA:CA:CC:0E:00:01,AP-CAF-03,8,15,-52.7,cafeteria,3.436,8.352
2024-01-15 09:30:00,AA:CA:CC:0E:00:01,AP-CAF-04,16,15,-55.2,cafeteria,3.436,8.352
2024-01-15 09:30:00,AA:CA:CC:0E:00:01,AP-CAF-05,15,1,-59.5,cafeteria,3.436,8.352
2024-01-15 09:30:00,AA:CA:CC:0F:00:01,AP-CAF-01,7,4,-61.4,cafeteria,24.834,9.913
2024-01-15 09:30:00,AA:CA:CC:0F:00:01,AP-CAF-02,23,4,-44.7,cafeteria,24.834,9.913
2024-01-15 09:30:00,AA:CA:CC:0F:00:01,AP-CAF-03,8,15,-62.2,cafeteria,24.834,9.913
2024-01-15 09:30:00,AA:CA:CC:0F:00:01,AP-CAF-04,16,15,-56.2,cafeteria,24.834,9.913
2024-01-15 09:30:00,AA:CA:CC:0F:00:01,AP-CAF-05,15,1,-56.0,cafeteria,24.834,9.913
2024-01-15 09:30:00,AA:CA:CC:10:00:01,AP-CAF-01,7,4,-58.1,cafeteria,19.984,11.183
2024-01-15 09:30:00,AA:CA:CC:10:00:01,AP-CAF-02,23,4,-53.0,cafeteria,19.984,11.183
2024-01-15 09:30:00,AA:CA:CC:10:00:01,AP-CAF-03,8,15,-56.3,cafeteria,19.984,11.183
2024-01-15 09:30:00,AA:CA:CC:10:00:01,AP-CAF-04,16,15,-46.3,cafeteria,19.984,11.183
2024-01-15 09:30:00,AA:CA:CC:10:00:01,AP-CAF-05,15,1,-54.7,cafeteria,19.984,11.183
2024-01-15 09:30:00,AA:CA:CC:11:00:01,AP-CAF-01,7,4,-59.3,cafeteria,20.529,13.243
2024-01-15 09:30:00,AA:CA:CC:11:00:01,AP-CAF-02,23,4,-51.8,cafeteria,20.529,13.243
2024-01-15 09:30:00,AA:CA:CC:11:00:01,AP-CAF-03,8,15,-56.3,cafeteria,20.529,13.243
2024-01-15 09:30:00,AA:CA:CC:11:00:01,AP-CAF-04,16,15,-47.5,cafeteria,20.529,13.243
2024-01-15 09:30:00,AA:CA:CC:11:00:01,AP-CAF-05,15,1,-57.9,cafeteria,20.529,13.243
2024-01-15 09:30:00,AA:CA:CC:12:00:01,AP-CAF-01,7,4,-55.2,cafeteria,10.383,14.383
2024-01-15 09:30:00,AA:CA:CC:12:00:01,AP-CAF-02,23,4,-61.1,cafeteria,10.383,14.383
2024-01-15 09:30:00,AA:CA:CC:12:00:01,AP-CAF-03,8,15,-39.7,cafeteria,10.383,14.383
2024-01-15 09:30:00,AA:CA:CC:12:00:01,AP-CAF-04,16,15,-46.2,cafeteria,10.383,14.383
2024-01-15 09:30:00,AA:CA:CC:12:00:01,AP-CAF-05,15,1,-58.4,cafeteria,10.383,14.383
2024-01-15 09:30:00,AA:CA:CC:13:00:01,AP-CAF-01,7,4,-56.7,cafeteria,18.691,5.676
2024-01-15 09:30:00,AA:CA:CC:13:00:01,AP-CAF-02,23,4,-45.3,cafeteria,18.691,5.676
2024-01-15 09:30:00,AA:CA:CC:13:00:01,AP-CAF-03,8,15,-54.5,cafeteria,18.691,5.676
2024-01-15 09:30:00,AA:CA:CC:13:00:01,AP-CAF-04,16,15,-55.3,cafeteria,18.691,5.676
2024-01-15 09:30:00,AA:CA:CC:13:00:01,AP-CAF-05,15,1,-48.9,cafeteria,18.691,5.676
2024-01-15 09:30:00,AA:CA:CC:14:00:01,AP-CAF-01,7,4,-60.8,cafeteria,22.309,10.743
2024-01-15 09:30:00,AA:CA:CC:14:00:01,AP-CAF-02,23,4,-50.2,cafeteria,22.309,10.743
2024-01-15 09:30:00,AA:CA:CC:14:00:01,AP-CAF-03,8,15,-58.1,cafeteria,22.309,10.743
2024-01-15 09:30:00,AA:CA:CC:14:00:01,AP-CAF-04,16,15,-51.7,cafeteria,22.309,10.743
2024-01-15 09:30:00,AA:CA:CC:14:00:01,AP-CAF-05,15,1,-58.0,cafeteria,22.309,10.743
2024-01-15 09:30:00,AA:CA:CC:15:00:01,AP-CAF-01,7,4,-54.7,cafeteria,9.427,13.747
2024-01-15 09:30:00,AA:CA:CC:15:00:01,AP-CAF-02,23,4,-60.3,cafeteria,9.427,13.747
2024-01-15 09:30:00,AA:CA:CC:15:00:01,AP-CAF-03,8,15,-38.4,cafeteria,9.427,13.747
2024-01-15 09:30:00,AA:CA:CC:15:00:01,AP-CAF-04,16,15,-48.2,cafeteria,9.427,13.747
2024-01-15 09:30:00,AA:CA:CC:15:00:01,AP-CAF-05,15,1,-61.6,cafeteria,9.427,13.747
2024-01-15 09:30:00,AA:CA:CC:16:00:01,AP-CAF-01,7,4,-59.4,cafeteria,2.281,16.688
2024-01-15 09:30:00,AA:CA:CC:16:00:01,AP-CAF-02,23,4,-63.9,cafeteria,2.281,16.688
2024-01-15 09:30:00,AA:CA:CC:16:00:01,AP-CAF-03,8,15,-46.3,cafeteria,2.281,16.688
2024-01-15 09:30:00,AA:CA:CC:16:00:01,AP-CAF-04,16,15,-58.6,cafeteria,2.281,16.688
2024-01-15 09:30:00,AA:CA:CC:16:00:01,AP-CAF-05,15,1,-63.7,cafeteria,2.281,16.688
2024-01-15 09:30:00,AA:CA:CC:17:00:01,AP-CAF-01,7,4,-55.7,cafeteria,8.662,18.948
2024-01-15 09:30:00,AA:CA:CC:17:00:01,AP-CAF-02,23,4,-65.8,cafeteria,8.662,18.948
2024-01-15 09:30:00,AA:CA:CC:17:00:01,AP-CAF-03,8,15,-49.5,cafeteria,8.662,18.948
2024-01-15 09:30:00,AA:CA:CC:17:00:01,AP-CAF-04,16,15,-52.1,cafeteria,8.662,18.948
2024-01-15 09:30:00,AA:CA:CC:17:00:01,AP-CAF-05,15,1,-63.0,cafeteria,8.662,18.948
2024-01-15 09:30:00,AA:CA:CC:18:00:01,AP-CAF-01,7,4,-57.7,cafeteria,20.423,4.974
2024-01-15 09:30:00,AA:CA:CC:18:00:01,AP-CAF-02,23,4,-42.1,cafeteria,20.423,4.974
2024-01-15 09:30:00,AA:CA:CC:18:00:01,AP-CAF-03,8,15,-62.6,cafeteria,20.423,4.974
2024-01-15 09:30:00,AA:CA:CC:18:00:01,AP-CAF-04,16,15,-54.2,cafeteria,20.423,4.974
2024-01-15 09:30:00,AA:CA:CC:18:00:01,AP-CAF-05,15,1,-49.4,cafeteria,20.423,4.974
2024-01-15 09:30:00,AA:CA:CC:19:00:01,AP-CAF-01,7,4,-55.5,cafeteria,12.752,12.493
2024-01-15 09:30:00,AA:CA:CC:19:00:01,AP-CAF-02,23,4,-61.2,cafeteria,12.752,12.493
2024-01-15 09:30:00,AA:CA:CC:19:00:01,AP-CAF-03,8,15,-49.6,cafeteria,12.752,12.493
2024-01-15 09:30:00,AA:CA:CC:19:00:01,AP-CAF-04,16,15,-45.4,cafeteria,12.752,12.493
2024-01-15 09:30:00,AA:CA:CC:19:00:01,AP-CAF-05,15,1,-56.2,cafeteria,12.752,12.493
2024-01-15 09:30:00,AA:CA:CC:1A:00:01,AP-CAF-01,7,4,-64.5,cafeteria,26.035,5.139
2024-01-15 09:30:00,AA:CA:CC:1A:00:01,AP-CAF-02,23,4,-39.9,cafeteria,26.035,5.139
2024-01-15 09:30:00,AA:CA:CC:1A:00:01,AP-CAF-03,8,15,-63.0,cafeteria,26.035,5.139
2024-01-15 09:30:00,AA:CA:CC:1A:00:01,AP-CAF-04,16,15,-56.5,cafeteria,26.035,5.139
2024-01-15 09:30:00,AA:CA:CC:1A:00:01,AP-CAF-05,15,1,-56.1,cafeteria,26.035,5.139
2024-01-15 09:30:00,AA:CA:CC:1B:00:01,AP-CAF-01,7,4,-61.5,cafeteria,22.586,16.206
2024-01-15 09:30:00,AA:CA:CC:1B:00:01,AP-CAF-02,23,4,-55.9,cafeteria,22.586,16.206
2024-01-15 09:30:00,AA:CA:CC:1B:00:01,AP-CAF-03,8,15,-56.5,cafeteria,22.586,16.206
2024-01-15 09:30:00,AA:CA:CC:1B:00:01,AP-CAF-04,16,15,-50.3,cafeteria,22.586,16.206
2024-01-15 09:30:00,AA:CA:CC:1B:00:01,AP-CAF-05,15,1,-59.3,cafeteria,22.586,16.206
2024-01-15 09:30:00,AA:CA:CC:1C:00:01,AP-CAF-01,7,4,-62.3,cafeteria,23.303,9.667
2024-01-15 09:30:00,AA:CA:CC:1C:00:01,AP-CAF-02,23,4,-45.2,cafeteria,23.303,9.667
2024-01-15 09:30:00,AA:CA:CC:1C:00:01,AP-CAF-03,8,15,-60.3,cafeteria,23.303,9.667
2024-01-15 09:30:00,AA:CA:CC:1C:00:01,AP-CAF-04,16,15,-56.8,cafeteria,23.303,9.667
2024-01-15 09:30:00,AA:CA:CC:1C:00:01,AP-CAF-05,15,1,-56.7,cafeteria,23.303,9.667
2024-01-15 09:30:00,AA:CA:CC:1D:00:01,AP-CAF-01,7,4,-57.8,cafeteria,8.532,15.356
2024-01-15 09:30:00,AA:CA:CC:1D:00:01,AP-CAF-02,23,4,-62.5,cafeteria,8.532,15.356
2024-01-15 09:30:00,AA:CA:CC:1D:00:01,AP-CAF-03,8,15,-28.9,cafeteria,8.532,15.356
2024-01-15 09:30:00,AA:CA:CC:1D:00:01,AP-CAF-04,16,15,-52.7,cafeteria,8.532,15.356
2024-01-15 09:30:00,AA:CA:CC:1D:00:01,AP-CAF-05,15,1,-64.8,cafeteria,8.532,15.356
2024-01-15 09:30:00,AA:CA:CC:1E:00:01,AP-CAF-01,7,4,-54.5,cafeteria,17.801,6.25
2024-01-15 09:30:00,AA:CA:CC:1E:00:01,AP-CAF-02,23,4,-48.0,cafeteria,17.801,6.25
2024-01-15 09:30:00,AA:CA:CC:1E:00:01,AP-CAF-03,8,15,-59.9,cafeteria,17.801,6.25
2024-01-15 09:30:00,AA:CA:CC:1E:00:01,AP-CAF-04,16,15,-53.9,cafeteria,17.801,6.25
2024-01-15 09:30:00,AA:CA:CC:1E:00:01,AP-CAF-05,15,1,-49.4,cafeteria,17.801,6.25
2024-01-15 09:30:00,AA:CA:CC:1F:00:01,AP-CAF-01,7,4,-61.6,cafeteria,18.308,13.644
2024-01-15 09:30:00,AA:CA:CC:1F:00:01,AP-CAF-02,23,4,-56.2,cafeteria,18.308,13.644
2024-01-15 09:30:00,AA:CA:CC:1F:00:01,AP-CAF-03,8,15,-55.4,cafeteria,18.308,13.644
2024-01-15 09:30:00,AA:CA:CC:1F:00:01,AP-CAF-04,16,15,-40.3,cafeteria,18.308,13.644
2024-01-15 09:30:00,AA:CA:CC:1F:00:01,AP-CAF-05,15,1,-62.0,cafeteria,18.308,13.644
2024-01-15 09:30:00,AA:CA:CC:20:00:01,AP-CAF-01,7,4,-49.1,cafeteria,3.46,7.311
2024-01-15 09:30:00,AA:CA:CC:20:00:01,AP-CAF-02,23,4,-63.0,cafeteria,3.46,7.311
2024-01-15 09:30:00,AA:CA:CC:20:00:01,AP-CAF-03,8,15,-50.2,cafeteria,3.46,7.311
2024-01-15 09:30:00,AA:CA:CC:20:00:01,AP-CAF-04,16,15,-57.9,cafeteria,3.46,7.311
2024-01-15 09:30:00,AA:CA:CC:20:00:01,AP-CAF-05,15,1,-59.1,cafeteria,3.46,7.311
2024-01-15 09:30:00,AA:CA:CC:21:00:01,AP-CAF-01,7,4,-34.8,cafeteria,5.69,2.882
2024-01-15 09:30:00,AA:CA:CC:21:00:01,AP-CAF-02,23,4,-58.2,cafeteria,5.69,2.882
2024-01-15 09:30:00,AA:CA:CC:21:00:01,AP-CAF-03,8,15,-55.4,cafeteria,5.69,2.882
2024-01-15 09:30:00,AA:CA:CC:21:00:01,AP-CAF-04,16,15,-59.9,cafeteria,5.69,2.882
2024-01-15 09:30:00,AA:CA:CC:21:00:01,AP-CAF-05,15,1,-55.7,cafeteria,5.69,2.882
2024-01-15 09:30:00,AA:CA:CC:22:00:01,AP-CAF-01,7,4,-60.1,cafeteria,20.854,16.677
2024-01-15 09:30:00,AA:CA:CC:22:00:01,AP-CAF-02,23,4,-56.5,cafeteria,20.854,16.677
2024-01-15 09:30:00,AA:CA:CC:22:00:01,AP-CAF-03,8,15,-55.7,cafeteria,20.854,16.677
2024-01-15 09:30:00,AA:CA:CC:22:00:01,AP-CAF-04,16,15,-48.8,cafeteria,20.854,16.677
2024-01-15 09:30:00,AA:CA:CC:22:00:01,AP-CAF-05,15,1,-58.0,cafeteria,20.854,16.677
2024-01-15 09:30:00,AA:CA:CC:23:00:01,AP-CAF-01,7,4,-55.5,cafeteria,13.665,12.584
2024-01-15 09:30:00,AA:CA:CC:23:00:01,AP-CAF-02,23,4,-54.1,cafeteria,13.665,12.584
2024-01-15 09:30:00,AA:CA:CC:23:00:01,AP-CAF-03,8,15,-49.3,cafeteria,13.665,12.584
2024-01-15 09:30:00,AA:CA:CC:23:00:01,AP-CAF-04,16,15,-44.5,cafeteria,13.665,12.584
2024-01-15 09:30:00,AA:CA:CC:23:00:01,AP-CAF-05,15,1,-57.6,cafeteria,13.665,12.584
2024-01-15 09:30:00,AA:CA:CC:24:00:01,AP-CAF-01,7,4,-60.6,cafeteria,25.41,4.946
2024-01-15 09:30:00,AA:CA:CC:24:00:01,AP-CAF-02,23,4,-41.5,cafeteria,25.41,4.946
2024-01-15 09:30:00,AA:CA:CC:24:00:01,AP-CAF-03,8,15,-62.6,cafeteria,25.41,4.946
2024-01-15 09:30:00,AA:CA:CC:24:00:01,AP-CAF-04,16,15,-54.2,cafeteria,25.41,4.946
2024-01-15 09:30:00,AA:CA:CC:24:00:01,AP-CAF-05,15,1,-52.7,cafeteria,25.41,4.946
2024-01-15 09:30:00,AA:CA:CC:25:00:01,AP-CAF-01,7,4,-58.5,cafeteria,7.397,18.934
2024-01-15 09:30:00,AA:CA:CC:25:00:01,AP-CAF-02,23,4,-63.3,cafeteria,7.397,18.934
2024-01-15 09:30:00,AA:CA:CC:25:00:01,AP-CAF-03,8,15,-44.8,cafeteria,7.397,18.934
2024-01-15 09:30:00,AA:CA:CC:25:00:01,AP-CAF-04,16,15,-53.2,cafeteria,7.397,18.934
2024-01-15 09:30:00,AA:CA:CC:25:00:01,AP-CAF-05,15,1,-64.3,cafeteria,7.397,18.934
2024-01-15 09:30:00,AA:CA:CC:26:00:01,AP-CAF-01,7,4,-47.3,cafeteria,3.022,1.552
2024-01-15 09:30:00,AA:CA:CC:26:00:01,AP-CAF-02,23,4,-65.9,cafeteria,3.022,1.552
2024-01-15 09:30:00,AA:CA:CC:26:00:01,AP-CAF-03,8,15,-58.1,cafeteria,3.022,1.552
2024-01-15 09:30:00,AA:CA:CC:26:00:01,AP-CAF-04,16,15,-60.5,cafeteria,3.022,1.552
2024-01-15 09:30:00,AA:CA:CC:26:00:01,AP-CAF-05,15,1,-57.9,cafeteria,3.022,1.552
2024-01-15 09:30:00,AA:CA:CC:27:00:01,AP-CAF-01,7,4,-44.8,cafeteria,10.686,7.679
2024-01-15 09:30:00,AA:CA:CC:27:00:01,AP-CAF-02,23,4,-57.3,cafeteria,10.686,7.679
2024-01-15 09:30:00,AA:CA:CC:27:00:01,AP-CAF-03,8,15,-50.2,cafeteria,10.686,7.679
2024-01-15 09:30:00,AA:CA:CC:27:00:01,AP-CAF-04,16,15,-50.5,cafeteria,10.686,7.679
2024-01-15 09:30:00,AA:CA:CC:27:00:01,AP-CAF-05,15,1,-53.4,cafeteria,10.686,7.679
2024-01-15 09:40:00,AA:CA:CC:00:00:01,AP-CAF-01,7,4,-59.6,cafeteria,14.627,16.722
2024-01-15 09:40:00,AA:CA:CC:00:00:01,AP-CAF-02,23,4,-57.8,cafeteria,14.627,16.722
2024-01-15 09:40:00,AA:CA:CC:00:00:01,AP-CAF-03,8,15,-49.6,cafeteria,14.627,16.722
2024-01-15 09:40:00,AA:CA:CC:00:00:01,AP-CAF-04,16,15,-41.7,cafeteria,14.627,16.722
2024-01-15 09:40:00,AA:CA:CC:00:00:01,AP-CAF-05,15,1,-57.0,cafeteria,14.627,16.722
2024-01-15 09:40:00,AA:CA:CC:01:00:01,AP-CAF-01,7,4,-56.3,cafeteria,21.527,3.368
2024-01-15 09:40:00,AA:CA:CC:01:00:01,AP-CAF-02,23,4,-34.1,cafeteria,21.527,3.368
2024-01-15 09:40:00,AA:CA:CC:01:00:01,AP-CAF-03,8,15,-60.8,cafeteria,21.527,3.368
2024-01-15 09:40:00,AA:CA:CC:01:00:01,AP-CAF-04,16,15,-58.8,cafeteria,21.527,3.368
2024-01-15 09:40:00,AA:CA:CC:01:00:01,AP-CAF-05,15,1,-52.4,cafeteria,21.527,3.368
2024-01-15 09:40:00,AA:CA:CC:02:00:01,AP-CAF-01,7,4,-63.2,cafeteria,28.199,4.258
2024-01-15 09:40:00,AA:CA:CC:02:00:01,AP-CAF-02,23,4,-45.6,cafeteria,28.199,4.258
2024-01-15 09:40:00,AA:CA:CC:02:00:01,AP-CAF-03,8,15,-62.9,cafeteria,28.199,4.258
2024-01-15 09:40:00,AA:CA:CC:02:00:01,AP-CAF-04,16,15,-61.0,cafeteria,28.199,4.258
2024-01-15 09:40:00,AA:CA:CC:02:00:01,AP-CAF-05,15,1,-56.8,cafeteria,28.199,4.258
2024-01-15 09:40:00,AA:CA:CC:03:00:01,AP-CAF-01,7,4,-59.2,cafeteria,11.059,11.673
2024-01-15 09:40:00,AA:CA:CC:03:00:01,AP-CAF-02,23,4,-59.5,cafeteria,11.059,11.673
2024-01-15 09:40:00,AA:CA:CC:03:00:01,AP-CAF-03,8,15,-48.6,cafeteria,11.059,11.673
2024-01-15 09:40:00,AA:CA:CC:03:00:01,AP-CAF-04,16,15,-52.0,cafeteria,11.059,11.673
2024-01-15 09:40:00,AA:CA:CC:03:00:01,AP-CAF-05,15,1,-54.1,cafeteria,11.059,11.673
2024-01-15 09:40:00,AA:CA:CC:04:00:01,AP-CAF-01,7,4,-60.0,cafeteria,22.657,3.356
2024-01-15 09:40:00,AA:CA:CC:04:00:01,AP-CAF-02,23,4,-25.6,cafeteria,22.657,3.356
2024-01-15 09:40:00,AA:CA:CC:04:00:01,AP-CAF-03,8,15,-61.7,cafeteria,22.657,3.356
2024-01-15 09:40:00,AA:CA:CC:04:00:01,AP-CAF-04,16,15,-60.8,cafeteria,22.657,3.356
2024-01-15 09:40:00,AA:CA:CC:04:00:01,AP-CAF-05,15,1,-50.6,cafeteria,22.657,3.356
2024-01-15 09:40:00,AA:CA:CC:05:00:01,AP-CAF-01,7,4,-50.9,cafeteria,13.065,5.477
2024-01-15 09:40:00,AA:CA:CC:05:00:01,AP-CAF-02,23,4,-52.0,cafeteria,13.065,5.477
2024-01-15 09:40:00,AA:CA:CC:05:00:01,AP-CAF-03,8,15,-54.1,cafeteria,13.065,5.477
2024-01-15 09:40:00,AA:CA:CC:05:00:01,AP-CAF-04,16,15,-55.7,cafeteria,13.065,5.477
2024-01-15 09:40:00,AA:CA:CC:05:00:01,AP-CAF-05,15,1,-47.9,cafeteria,13.065,5.477
2024-01-15 09:40:00,AA:CA:CC:06:00:01,AP-CAF-01,7,4,-57.1,cafeteria,2.027,14.255
2024-01-15 09:40:00,AA:CA:CC:06:00:01,AP-CAF-02,23,4,-60.1,cafeteria,2.027,14.255
2024-01-15 09:40:00,AA:CA:CC:06:00:01,AP-CAF-03,8,15,-48.7,cafeteria,2.027,14.255
2024-01-15 09:40:00,AA:CA:CC:06:00:01,AP-CAF-04,16,15,-57.8,cafeteria,2.027,14.255
2024-01-15 09:40:00,AA:CA:CC:06:00:01,AP-CAF-05,15,1,-59.6,cafeteria,2.027,14.255
2024-01-15 09:40:00,AA:CA:CC:07:00:01,AP-CAF-01,7,4,-29.7,cafeteria,6.764,3.015
2024-01-15 09:40:00,AA:CA:CC:07:00:01,AP-CAF-02,23,4,-60.4,cafeteria,6.764,3.015
2024-01-15 09:40:00,AA:CA:CC:07:00:01,AP-CAF-03,8,15,-57.1,cafeteria,6.764,3.015
2024-01-15 09:40:00,AA:CA:CC:07:00:01,AP-CAF-04,16,15,-58.0,cafeteria,6.764,3.015
2024-01-15 09:40:00,AA:CA:CC:07:00:01,AP-CAF-05,15,1,-53.1,cafeteria,6.764,3.015
2024-01-15 09:40:00,AA:CA:CC:08:00:01,AP-CAF-01,7,4,-45.9,cafeteria,2.102,3.198
2024-01-15 09:40:00,AA:CA:CC:08:00:01,AP-CAF-02,23,4,-63.2,cafeteria,2.102,3.198
2024-01-15 09:40:00,AA:CA:CC:08:00:01,AP-CAF-03,8,15,-57.9,cafeteria,2.102,3.198
2024-01-15 09:40:00,AA:CA:CC:08:00:01,AP-CAF-04,16,15,-65.5,cafeteria,2.102,3.198
2024-01-15 09:40:00,AA:CA:CC:08:00:01,AP-CAF-05,15,1,-56.1,cafeteria,2.102,3.198
2024-01-15 09:40:00,AA:CA:CC:09:00:01,AP-CAF-01,7,4,-53.4,cafeteria,13.733,10.281
2024-01-15 09:40:00,AA:CA:CC:09:00:01,AP-CAF-02,23,4,-52.0,cafeteria,13.733,10.281
2024-01-15 09:40:00,AA:CA:CC:09:00:01,AP-CAF-03,8,15,-52.0,cafeteria,13.733,10.281
2024-01-15 09:40:00,AA:CA:CC:09:00:01,AP-CAF-04,16,15,-45.8,cafeteria,13.733,10.281
2024-01-15 09:40:00,AA:CA:CC:09:00:01,AP-CAF-05,15,1,-56.4,cafeteria,13.733,10.281
2024-01-15 09:40:00,AA:CA:CC:0A:00:01,AP-CAF-01,7,4,-55.3,cafeteria,6.652,13.122
2024-01-15 09:40:00,AA:CA:CC:0A:00:01,AP-CAF-02,23,4,-58.0,cafeteria,6.652,13.122
2024-01-15 09:40:00,AA:CA:CC:0A:00:01,AP-CAF-03,8,15,-39.5,cafeteria,6.652,13.122
2024-01-15 09:40:00,AA:CA:CC:0A:00:01,AP-CAF-04,16,15,-54.0,cafeteria,6.652,13.122
2024-01-15 09:40:00,AA:CA:CC:0A:00:01,AP-CAF-05,15,1,-57.5,cafeteria,6.652,13.122
2024-01-15 09:40:00,AA:CA:CC:0B:00:01,AP-CAF-01,7,4,-62.8,cafeteria,27.449,13.298
2024-01-15 09:40:00,AA:CA:CC:0B:00:01,AP-CAF-02,23,4,-50.5,cafeteria,27.449,13.298
2024-01-15 09:40:00,AA:CA:CC:0B:00:01,AP-CAF-03,8,15,-62.4,cafeteria,27.449,13.298
2024-01-15 09:40:00,AA:CA:CC:0B:00:01,AP-CAF-04,16,15,-56.2,cafeteria,27.449,13.298
2024-01-15 09:40:00,AA:CA:CC:0B:00:01,AP-CAF-05,15,1,-59.0,cafeteria,27.449,13.298
2024-01-15 09:40:00,AA:CA:CC:0C:00:01,AP-CAF-01,7,4,-57.0,cafeteria,1.851,17.757
2024-01-15 09:40:00,AA:CA:CC:0C:00:01,AP-CAF-02,23,4,-62.7,cafeteria,1.851,17.757
2024-01-15 09:40:00,AA:CA:CC:0C:00:01,AP-CAF-03,8,15,-49.4,cafeteria,1.851,17.757
2024-01-15 09:40:00,AA:CA:CC:0C:00:01,AP-CAF-04,16,15,-61.3,cafeteria,1.851,17.757
2024-01-15 09:40:00,AA:CA:CC:0C:00:01,AP-CAF-05,15,1,-59.9,cafeteria,1.851,17.757
2024-01-15 09:40:00,AA:CA:CC:0D:00:01,AP-CAF-01,7,4,-56.6,cafeteria,3.985,12.841
2024-01-15 09:40:00,AA:CA:CC:0D:00:01,AP-CAF-02,23,4,-63.2,cafeteria,3.985,12.841
2024-01-15 09:40:00,AA:CA:CC:0D:00:01,AP-CAF-03,8,15,-45.8,cafeteria,3.985,12.841
2024-01-15 09:40:00,AA:CA:CC:0D:00:01,AP-CAF-04,16,15,-56.5,cafeteria,3.985,12.841
2024-01-15 09:40:00,AA:CA:CC:0D:00:01,AP-CAF-05,15,1,-59.4,cafeteria,3.985,12.841
2024-01-15 09:40:00,AA:CA:CC:0E:00:01,AP-CAF-01,7,4,-59.3,cafeteria,16.876,14.292
2024-01-15 09:40:00,AA:CA:CC:0E:00:01,AP-CAF-02,23,4,-55.0,cafeteria,16.876,14.292
2024-01-15 09:40:00,AA:CA:CC:0E:00:01,AP-CAF-03,8,15,-51.4,cafeteria,16.876,14.292
2024-01-15 09:40:00,AA:CA:CC:0E:00:01,AP-CAF-04,16,15,-33.7,cafeteria,16.876,14.292
2024-01-15 09:40:00,AA:CA:CC:0E:00:01,AP-CAF-05,15,1,-57.0,cafeteria,16.876,14.292
2024-01-15 09:40:00,AA:CA:CC:0F:00:01,AP-CAF-01,7,4,-59.4,cafeteria,23.339,8.84
2024-01-15 09:40:00,AA:CA:CC:0F:00:01,AP-CAF-02,23,4,-47.4,cafeteria,23.339,8.84
2024-01-15 09:40:00,AA:CA:CC:0F:00:01,AP-CAF-03,8,15,-60.2,cafeteria,23.339,8.84
2024-01-15 09:40:00,AA:CA:CC:0F:00:01,AP-CAF-04,16,15,-54.9,cafeteria,23.339,8.84
2024-01-15 09:40:00,AA:CA:CC:0F:00:01,AP-CAF-05,15,1,-56.4,cafeteria,23.339,8.84
2024-01-15 09:40:00,AA:CA:CC:10:00:01,AP-CAF-01,7,4,-43.7,cafeteria,10.088,7.596
2024-01-15 09:40:00,AA:CA:CC:10:00:01,AP-CAF-02,23,4,-59.9,cafeteria,10.088,7.596
2024-01-15 09:40:00,AA:CA:CC:10:00:01,AP-CAF-03,8,15,-54.1,cafeteria,10.088,7.596
2024-01-15 09:40:00,AA:CA:CC:10:00:01,AP-CAF-04,16,15,-58.7,cafeteria,10.088,7.596
2024-01-15 09:40:00,AA:CA:CC:10:00:01,AP-CAF-05,15,1,-54.2,cafeteria,10.088,7.596
2024-01-15 09:40:00,AA:CA:CC:11:00:01,AP-CAF-01,7,4,-38.5,cafeteria,7.364,2.318
2024-01-15 09:40:00,AA:CA:CC:11:00:01,AP-CAF-02,23,4,-56.6,cafeteria,7.364,2.318
2024-01-15 09:40:00,AA:CA:CC:11:00:01,AP-CAF-03,8,15,-55.6,cafeteria,7.364,2.318
2024-01-15 09:40:00,AA:CA:CC:11:00:01,AP-CAF-04,16,15,-61.0,cafeteria,7.364,2.318
2024-01-15 09:40:00,AA:CA:CC:11:00:01,AP-CAF-05,15,1,-47.7,cafeteria,7.364,2.318
2024-01-15 09:40:00,AA:CA:CC:12:00:01,AP-CAF-01,7,4,-63.2,cafeteria,11.634,16.54
2024-01-15 09:40:00,AA:CA:CC:12:00:01,AP-CAF-02,23,4,-56.1,cafeteria,11.634,16.54
2024-01-15 09:40:00,AA:CA:CC:12:00:01,AP-CAF-03,8,15,-47.7,cafeteria,11.634,16.54
2024-01-15 09:40:00,AA:CA:CC:12:00:01,AP-CAF-04,16,15,-49.9,cafeteria,11.634,16.54
2024-01-15 09:40:00,AA:CA:CC:12:00:01,AP-CAF-05,15,1,-58.0,cafeteria,11.634,16.54
2024-01-15 09:40:00,AA:CA:CC:13:00:01,AP-CAF-01,7,4,-54.8,cafeteria,18.021,14.768
2024-01-15 09:40:00,AA:CA:CC:13:00:01,AP-CAF-02,23,4,-55.7,cafeteria,18.021,14.768
2024-01-15 09:40:00,AA:CA:CC:13:00:01,AP-CAF-03,8,15,-53.3,cafeteria,18.021,14.768
2024-01-15 09:40:00,AA:CA:CC:13:00:01,AP-CAF-04,16,15,-36.2,cafeteria,18.021,14.768
2024-01-15 09:40:00,AA:CA:CC:13:00:01,AP-CAF-05,15,1,-58.2,cafeteria,18.021,14.768
2024-01-15 09:40:00,AA:CA:CC:14:00:01,AP-CAF-01,7,4,-59.9,cafeteria,7.818,17.687
2024-01-15 09:40:00,AA:CA:CC:14:00:01,AP-CAF-02,23,4,-63.3,cafeteria,7.818,17.687
2024-01-15 09:40:00,AA:CA:CC:14:00:01,AP-CAF-03,8,15,-44.1,cafeteria,7.818,17.687
2024-01-15 09:40:00,AA:CA:CC:14:00:01,AP-CAF-04,16,15,-53.6,cafeteria,7.818,17.687
2024-01-15 09:40:00,AA:CA:CC:14:00:01,AP-CAF-05,15,1,-63.5,cafeteria,7.818,17.687
2024-01-15 09:40:00,AA:CA:CC:15:00:01,AP-CAF-01,7,4,-63.5,cafeteria,23.485,10.705
2024-01-15 09:40:00,AA:CA:CC:15:00:01,AP-CAF-02,23,4,-48.9,cafeteria,23.485,10.705
2024-01-15 09:40:00,AA:CA:CC:15:00:01,AP-CAF-03,8,15,-63.3,cafeteria,23.485,10.705
2024-01-15 09:40:00,AA:CA:CC:15:00:01,AP-CAF-04,16,15,-55.4,cafeteria,23.485,10.705
2024-01-15 09:40:00,AA:CA:CC:15:00:01,AP-CAF-05,15,1,-55.9,cafeteria,23.485,10.705
2024-01-15 09:40:00,AA:CA:CC:16:00:01,AP-CAF-01,7,4,-47.7,cafeteria,12.579,3.194
2024-01-15 09:40:00,AA:CA:CC:16:00:01,AP-CAF-02,23,4,-57.4,cafeteria,12.579,3.194
2024-01-15 09:40:00,AA:CA:CC:16:00:01,AP-CAF-03,8,15,-57.4,cafeteria,12.579,3.194
2024-01-15 09:40:00,AA:CA:CC:16:00:01,AP-CAF-04,16,15,-59.9,cafeteria,12.579,3.194
2024-01-15 09:40:00,AA:CA:CC:16:00:01,AP-CAF-05,15,1,-44.1,cafeteria,12.579,3.194
2024-01-15 09:40:00,AA:CA:CC:17:00:01,AP-CAF-01,7,4,-54.4,cafeteria,16.885,5.618
2024-01-15 09:40:00,AA:CA:CC:17:00:01,AP-CAF-02,23,4,-50.1,cafeteria,16.885,5.618
2024-01-15 09:40:00,AA:CA:CC:17:00:01,AP-CAF-03,8,15,-56.7,cafeteria,16.885,5.618
2024-01-15 09:40:00,AA:CA:CC:17:00:01,AP-CAF-04,16,15,-53.9,cafeteria,16.885,5.618
2024-01-15 09:40:00,AA:CA:CC:17:00:01,AP-CAF-05,15,1,-44.7,cafeteria,16.885,5.618
2024-01-15 09:40:00,AA:CA:CC:18:00:01,AP-CAF-01,7,4,-54.4,cafeteria,2.216,12.397
2024-01-15 09:40:00,AA:CA:CC:18:00:01,AP-CAF-02,23,4,-62.7,cafeteria,2.216,12.397
2024-01-15 09:40:00,AA:CA:CC:18:00:01,AP-CAF-03,8,15,-50.0,cafeteria,2.216,12.397
2024-01-15 09:40:00,AA:CA:CC:18:00:01,AP-CAF-04,16,15,-58.6,cafeteria,2.216,12.397
2024-01-15 09:40:00,AA:CA:CC:18:00:01,AP-CAF-05,15,1,-62.2,cafeteria,2.216,12.397
2024-01-15 09:40:00,AA:CA:CC:19:00:01,AP-CAF-01,7,4,-58.3,cafeteria,18.107,8.399
2024-01-15 09:40:00,AA:CA:CC:19:00:01,AP-CAF-02,23,4,-52.9,cafeteria,18.107,8.399
2024-01-15 09:40:00,AA:CA:CC:19:00:01,AP-CAF-03,8,15,-58.4,cafeteria,18.107,8.399
2024-01-15 09:40:00,AA:CA:CC:19:00:01,AP-CAF-04,16,15,-52.5,cafeteria,18.107,8.399
2024-01-15 09:40:00,AA:CA:CC:19:00:01,AP-CAF-05,15,1,-50.8,cafeteria,18.107,8.399
2024-01-15 09:40:00,AA:CA:CC:1A:00:01,AP-CAF-01,7,4,-62.5,cafeteria,24.033,8.627
2024-01-15 09:40:00,AA:CA:CC:1A:00:01,AP-CAF-02,23,4,-46.3,cafeteria,24.033,8.627
2024-01-15 09:40:00,AA:CA:CC:1A:00:01,AP-CAF-03,8,15,-62.6,cafeteria,24.033,8.627
2024-01-15 09:40:00,AA:CA:CC:1A:00:01,AP-CAF-04,16,15,-51.0,cafeteria,24.033,8.627
2024-01-15 09:40:00,AA:CA:CC:1A:00:01,AP-CAF-05,15,1,-59.2,cafeteria,24.033,8.627
2024-01-15 09:40:00,AA:CA:CC:1B:00:01,AP-CAF-01,7,4,-61.5,cafeteria,21.632,16.53
2024-01-15 09:40:00,AA:CA:CC:1B:00:01,AP-CAF-02,23,4,-57.9,cafeteria,21.632,16.53
2024-01-15 09:40:00,AA:CA:CC:1B:00:01,AP-CAF-03,8,15,-58.7,cafeteria,21.632,16.53
2024-01-15 09:40:00,AA:CA:CC:1B:00:01,AP-CAF-04,16,15,-49.1,cafeteria,21.632,16.53
2024-01-15 09:40:00,AA:CA:CC:1B:00:01,AP-CAF-05,15,1,-61.0,cafeteria,21.632,16.53
2024-01-15 09:40:00,AA:CA:CC:1C:00:01,AP-CAF-01,7,4,-58.9,cafeteria,17.999,10.841
2024-01-15 09:40:00,AA:CA:CC:1C:00:01,AP-CAF-02,23,4,-55.9,cafeteria,17.999,10.841
2024-01-15 09:40:00,AA:CA:CC:1C:00:01,AP-CAF-03,8,15,-56.0,cafeteria,17.999,10.841
2024-01-15 09:40:00,AA:CA:CC:1C:00:01,AP-CAF-04,16,15,-41.4,cafeteria,17.999,10.841
2024-01-15 09:40:00,AA:CA:CC:1C:00:01,AP-CAF-05,15,1,-56.9,cafeteria,17.999,10.841
2024-01-15 09:40:00,AA:CA:CC:1D:00:01,AP-CAF-01,7,4,-53.3,cafeteria,12.99,13.917
2024-01-15 09:40:00,AA:CA:CC:1D:00:01,AP-CAF-02,23,4,-57.6,cafeteria,12.99,13.917
2024-01-15 09:40:00,AA:CA:CC:1D:00:01,AP-CAF-03,8,15,-44.4,cafeteria,12.99,13.917
2024-01-15 09:40:00,AA:CA:CC:1D:00:01,AP-CAF-04,16,15,-43.4,cafeteria,12.99,13.917
2024-01-15 09:40:00,AA:CA:CC:1D:00:01,AP-CAF-05,15,1,-58.3,cafeteria,12.99,13.917
2024-01-15 09:40:00,AA:CA:CC:1E:00:01,AP-CAF-01,7,4,-59.5,cafeteria,3.398,17.095
2024-01-15 09:40:00,AA:CA:CC:1E:00:01,AP-CAF-02,23,4,-66.3,cafeteria,3.398,17.095
2024-01-15 09:40:00,AA:CA:CC:1E:00:01,AP-CAF-03,8,15,-48.9,cafeteria,3.398,17.095
2024-01-15 09:40:00,AA:CA:CC:1E:00:01,AP-CAF-04,16,15,-60.1,cafeteria,3.398,17.095
2024-01-15 09:40:00,AA:CA:CC:1E:00:01,AP-CAF-05,15,1,-62.4,cafeteria,3.398,17.095
2024-01-15 09:40:00,AA:CA:CC:1F:00:01,AP-CAF-01,7,4,-58.6,cafeteria,2.893,15.406
2024-01-15 09:40:00,AA:CA:CC:1F:00:01,AP-CAF-02,23,4,-63.6,cafeteria,2.893,15.406
2024-01-15 09:40:00,AA:CA:CC:1F:00:01,AP-CAF-03,8,15,-50.8,cafeteria,2.893,15.406
2024-01-15 09:40:00,AA:CA:CC:1F:00:01,AP-CAF-04,16,15,-57.3,cafeteria,2.893,15.406
2024-01-15 09:40:00,AA:CA:CC:1F:00:01,AP-CAF-05,15,1,-60.2,cafeteria,2.893,15.406
2024-01-15 09:40:00,AA:CA:CC:20:00:01,AP-CAF-01,7,4,-51.8,cafeteria,15.923,6.838
2024-01-15 09:40:00,AA:CA:CC:20:00:01,AP-CAF-02,23,4,-54.5,cafeteria,15.923,6.838
2024-01-15 09:40:00,AA:CA:CC:20:00:01,AP-CAF-03,8,15,-53.1,cafeteria,15.923,6.838
2024-01-15 09:40:00,AA:CA:CC:20:00:01,AP-CAF-04,16,15,-52.0,cafeteria,15.923,6.838
2024-01-15 09:40:00,AA:CA:CC:20:00:01,AP-CAF-05,15,1,-50.7,cafeteria,15.923,6.838
2024-01-15 09:40:00,AA:CA:CC:21:00:01,AP-CAF-01,7,4,-61.0,cafeteria,16.744,18.237
2024-01-15 09:40:00,AA:CA:CC:21:00:01,AP-CAF-02,23,4,-58.7,cafeteria,16.744,18.237
2024-01-15 09:40:00,AA:CA:CC:21:00:01,AP-CAF-03,8,15,-56.1,cafeteria,16.744,18.237
2024-01-15 09:40:00,AA:CA:CC:21:00:01,AP-CAF-04,16,15,-42.7,cafeteria,16.744,18.237
2024-01-15 09:40:00,AA:CA:CC:21:00:01,AP-CAF-05,15,1,-63.8,cafeteria,16.744,18.237
2024-01-15 09:40:00,AA:CA:CC:22:00:01,AP-CAF-01,7,4,-51.1,cafeteria,3.707,9.107
2024-01-15 09:40:00,AA:CA:CC:22:00:01,AP-CAF-02,23,4,-60.0,cafeteria,3.707,9.107
2024-01-15 09:40:00,AA:CA:CC:22:00:01,AP-CAF-03,8,15,-49.4,cafeteria,3.707,9.107
2024-01-15 09:40:00,AA:CA:CC:22:00:01,AP-CAF-04,16,15,-57.1,cafeteria,3.707,9.107
2024-01-15 09:40:00,AA:CA:CC:22:00:01,AP-CAF-05,15,1,-60.8,cafeteria,3.707,9.107
2024-01-15 09:40:00,AA:CA:CC:23:00:01,AP-CAF-01,7,4,-65.9,cafeteria,28.79,17.686
2024-01-15 09:40:00,AA:CA:CC:23:00:01,AP-CAF-02,23,4,-56.9,cafeteria,28.79,17.686
2024-01-15 09:40:00,AA:CA:CC:23:00:01,AP-CAF-03,8,15,-62.8,cafeteria,28.79,17.686
2024-01-15 09:40:00,AA:CA:CC:23:00:01,AP-CAF-04,16,15,-53.3,cafeteria,28.79,17.686
2024-01-15 09:40:00,AA:CA:CC:23:00:01,AP-CAF-05,15,1,-62.6,cafeteria,28.79,17.686
2024-01-15 09:40:00,AA:CA:CC:24:00:01,AP-CAF-01,7,4,-55.9,cafeteria,3.495,14.595
2024-01-15 09:40:00,AA:CA:CC:24:00:01,AP-CAF-02,23,4,-64.0,cafeteria,3.495,14.595
2024-01-15 09:40:00,AA:CA:CC:24:00:01,AP-CAF-03,8,15,-45.0,cafeteria,3.495,14.595
2024-01-15 09:40:00,AA:CA:CC:24:00:01,AP-CAF-04,16,15,-55.5,cafeteria,3.495,14.595
2024-01-15 09:40:00,AA:CA:CC:24:00:01,AP-CAF-05,15,1,-62.8,cafeteria,3.495,14.595
2024-01-15 09:40:00,AA:CA:CC:25:00:01,AP-CAF-01,7,4,-61.6,cafeteria,3.454,17.865
2024-01-15 09:40:00,AA:CA:CC:25:00:01,AP-CAF-02,23,4,-68.2,cafeteria,3.454,17.865
2024-01-15 09:40:00,AA:CA:CC:25:00:01,AP-CAF-03,8,15,-47.2,cafeteria,3.454,17.865
2024-01-15 09:40:00,AA:CA:CC:25:00:01,AP-CAF-04,16,15,-59.9,cafeteria,3.454,17.865
2024-01-15 09:40:00,AA:CA:CC:25:00:01,AP-CAF-05,15,1,-67.1,cafeteria,3.454,17.865
2024-01-15 09:40:00,AA:CA:CC:26:00:01,AP-CAF-01,7,4,-57.4,cafeteria,17.817,10.282
2024-01-15 09:40:00,AA:CA:CC:26:00:01,AP-CAF-02,23,4,-51.1,cafeteria,17.817,10.282
2024-01-15 09:40:00,AA:CA:CC:26:00:01,AP-CAF-03,8,15,-55.8,cafeteria,17.817,10.282
2024-01-15 09:40:00,AA:CA:CC:26:00:01,AP-CAF-04,16,15,-47.8,cafeteria,17.817,10.282
2024-01-15 09:40:00,AA:CA:CC:26:00:01,AP-CAF-05,15,1,-52.8,cafeteria,17.817,10.282
2024-01-15 09:40:00,AA:CA:CC:27:00:01,AP-CAF-01,7,4,-64.0,cafeteria,25.306,15.507
2024-01-15 09:40:00,AA:CA:CC:27:00:01,AP-CAF-02,23,4,-58.1,cafeteria,25.306,15.507
2024-01-15 09:40:00,AA:CA:CC:27:00:01,AP-CAF-03,8,15,-59.0,cafeteria,25.306,15.507
2024-01-15 09:40:00,AA:CA:CC:27:00:01,AP-CAF-04,16,15,-54.6,cafeteria,25.306,15.507
2024-01-15 09:40:00,AA:CA:CC:27:00:01,AP-CAF-05,15,1,-62.8,cafeteria,25.306,15.507
